Protein	cai
WP_003516465.1	0.714852511495315
WP_003513339.1	0.744714325256106
WP_003513337.1	0.789787344615016
WP_003513335.1	0.764344253149311
WP_003513333.1	0.787394666014348
WP_003513331.1	0.74998117311533
WP_003513308.1	0.749161058287045
WP_003513306.1	0.764209984126064
WP_003513304.1	0.776298757209604
WP_003513303.1	0.78647138738396
WP_003513301.1	0.744129589566349
WP_003513299.1	0.735786756256736
WP_003516462.1	0.764830878422545
WP_003513296.1	0.691438155682875
WP_003513294.1	0.76320662758459
WP_003516459.1	0.737746635966012
WP_003516457.1	0.702980585006647
WP_003513286.1	0.81603154972434
WP_003513284.1	0.728426130873002
WP_003513282.1	0.729362008659952
WP_003516455.1	0.810245972466921
WP_003516452.1	0.773345715658267
WP_003513279.1	0.764449650393821
WP_003513278.1	0.690735078995774
WP_003513277.1	0.710895986714322
WP_003513275.1	0.743972476076994
WP_003513273.1	0.753086907219561
WP_003519977.1	0.698360867134773
WP_003513270.1	0.782459906488825
WP_003516448.1	0.692577671484418
WP_003519973.1	0.735866385765251
WP_003513265.1	0.733932026592528
WP_003516443.1	0.732633994227348
WP_003513261.1	0.73174186753442
WP_014522587.1	0.637752982932246
WP_003513254.1	0.785019234650069
WP_003513253.1	0.772680990949206
WP_003516440.1	0.722753185648479
WP_003513251.1	0.704806162462711
WP_003513250.1	0.772274770301546
WP_003516438.1	0.734376197552389
WP_003513248.1	0.721452308300859
WP_003513246.1	0.699758865706073
WP_003516435.1	0.744488966452643
WP_003513241.1	0.736044258526521
WP_003513240.1	0.736307361450228
WP_003516429.1	0.745054026117834
WP_003513238.1	0.704722557527835
WP_003516423.1	0.77515663656266
WP_003513233.1	0.800122987251466
WP_003513231.1	0.764627843149763
WP_003516421.1	0.767473995024292
WP_003516419.1	0.712110329201827
WP_003513222.1	0.745652270751848
WP_003516418.1	0.727079778038032
WP_003513220.1	0.727395406309132
WP_003513219.1	0.724515755714456
WP_003513218.1	0.677567913461908
WP_003519966.1	0.706527459958591
WP_003513209.1	0.736898606908625
WP_003513207.1	0.746756700818893
WP_003516416.1	0.77059290498258
WP_003513205.1	0.743593970537695
WP_003513203.1	0.755287855586963
WP_003513202.1	0.740741124063141
WP_003513200.1	0.744254282786325
WP_003513195.1	0.818133963884219
WP_003513193.1	0.697385861662147
WP_003513190.1	0.713315671752585
WP_003516413.1	0.746465616476862
WP_003513187.1	0.743179627605112
WP_003513185.1	0.734745274456463
WP_003513182.1	0.746802294944186
WP_003516411.1	0.770821279108921
WP_003516409.1	0.729268400679388
WP_003513175.1	0.7371987663066
WP_003513173.1	0.748256869246208
WP_003516406.1	0.712097918988306
WP_003513166.1	0.706980331867365
WP_003513164.1	0.68683303557427
WP_003513162.1	0.729911493425572
WP_003513159.1	0.718541019392352
WP_003513157.1	0.772699379424701
WP_003513155.1	0.742726463997252
WP_003513153.1	0.74343514063155
WP_003516403.1	0.745942096591885
WP_014522588.1	0.756425555355392
WP_003513147.1	0.71380787553292
WP_003513145.1	0.690676264248544
WP_003518362.1	0.748626836570829
WP_003513141.1	0.750069155027329
WP_003513139.1	0.62107470375615
WP_003513137.1	0.690510999182303
WP_003513135.1	0.704808796230329
WP_003513133.1	0.699964630988377
WP_003513132.1	0.705971476100899
WP_003513130.1	0.719580039648192
WP_003513128.1	0.774681841350284
WP_003513126.1	0.708962466305287
WP_003513124.1	0.713116718867491
WP_003513122.1	0.70957001109391
WP_003518361.1	0.754230801650875
WP_003513117.1	0.726626204297744
WP_003518360.1	0.736807154995913
WP_003513114.1	0.699788949809913
WP_003518359.1	0.722050034903862
WP_003513110.1	0.694798522781203
WP_003513108.1	0.751331793666187
WP_003513106.1	0.651387123214976
WP_003513104.1	0.684326618422843
WP_003513101.1	0.723916970071903
WP_003513100.1	0.727806249978826
WP_003518358.1	0.716437031117565
WP_003513098.1	0.707276569371307
WP_003513096.1	0.72015351490637
WP_003513095.1	0.726045309859714
WP_003518357.1	0.698263516833597
WP_003518356.1	0.716035102777114
WP_003513089.1	0.746359030573161
WP_003513087.1	0.667889590685706
WP_003513085.1	0.72325336502239
WP_003513083.1	0.734373622184965
WP_003518355.1	0.765666893457146
WP_003513078.1	0.659139289957116
WP_003521048.1	0.680555344126914
WP_003518353.1	0.631741140298422
WP_080514924.1	0.753558838000415
WP_080514925.1	0.737921221936713
WP_003513076.1	0.773235874321284
WP_003513074.1	0.706254316653394
WP_003513072.1	0.736668648646773
WP_003518346.1	0.746150544906364
WP_003521052.1	0.802177808709423
WP_003518341.1	0.758134437360859
WP_003513065.1	0.760354000117869
WP_003518339.1	0.757969417193638
WP_003513053.1	0.737669605153258
WP_003518337.1	0.784063793536914
WP_003513047.1	0.785191567063701
WP_003513046.1	0.789199436900537
WP_003513028.1	0.772778794373223
WP_003513026.1	0.772745939204915
WP_003513025.1	0.758091746701906
WP_003518334.1	0.78126758493694
WP_003513023.1	0.691027172877956
WP_003513022.1	0.789353424800555
WP_003515490.1	0.715027910129536
WP_003515489.1	0.686461676434246
WP_020457866.1	0.766138599449969
WP_003513019.1	0.766562133525455
WP_003515487.1	0.742164561939287
WP_003513016.1	0.703970731300981
WP_003513015.1	0.718090890190832
WP_003515485.1	0.719594321478917
WP_003513014.1	0.76007767456059
WP_003513013.1	0.672486980428481
WP_003513012.1	0.706842262183559
WP_003513011.1	0.755376949545977
WP_003513010.1	0.746609614577402
WP_003513009.1	0.707860828066484
WP_003515482.1	0.670729456394092
WP_003513007.1	0.724395444078452
WP_003515480.1	0.698390695341566
WP_003515478.1	0.687081184956948
WP_003515476.1	0.674404318520812
WP_003513001.1	0.762712474785201
WP_003515474.1	0.770442921710763
WP_003520894.1	0.719758898387816
WP_003512995.1	0.766182661767243
WP_003515468.1	0.756310204542866
WP_003515466.1	0.691204511410526
WP_003515465.1	0.71153999291441
WP_003512991.1	0.727951689886289
WP_003512990.1	0.774245642161009
WP_003512989.1	0.712129888488854
WP_003512988.1	0.705187311906997
WP_003512987.1	0.700172911623186
WP_003515463.1	0.731005843681463
WP_003512983.1	0.716957443699572
WP_003512981.1	0.730679182828869
WP_003515461.1	0.735369389600092
WP_003512977.1	0.65433035994277
WP_003515459.1	0.73831991151325
WP_003515458.1	0.683580582566773
WP_003512970.1	0.718736914387406
WP_003512969.1	0.767604619700303
WP_003512967.1	0.703852668284249
WP_003512965.1	0.7408881213051
WP_003512963.1	0.704812175657834
WP_003515457.1	0.732390743720521
WP_003515456.1	0.723222671380518
WP_003512956.1	0.727966455308147
WP_003512954.1	0.716498996353106
WP_003512952.1	0.720026392536241
WP_003512950.1	0.739124452536692
WP_003512947.1	0.718748469018847
WP_003512946.1	0.740039263373339
WP_003512944.1	0.723049458757569
WP_003515452.1	0.733649216302395
WP_003512939.1	0.787939147887151
WP_003512937.1	0.722689136236018
WP_003515449.1	0.694401472782217
WP_003512932.1	0.719963721300398
WP_003512930.1	0.733816638924194
WP_003512928.1	0.761753941207591
WP_003512926.1	0.685069148604282
WP_003512924.1	0.658229088769248
WP_003512922.1	0.768756693860043
WP_003512921.1	0.700174501149056
WP_003512919.1	0.741616965626531
WP_003512917.1	0.753400016557823
WP_003512915.1	0.749674834603752
WP_003515445.1	0.769610372432899
WP_003512912.1	0.71335409505026
WP_003515443.1	0.719754765043624
WP_003512910.1	0.763172663820615
WP_003515442.1	0.704546752910646
WP_003515441.1	0.751218954764894
WP_003515440.1	0.724783563800678
WP_003512907.1	0.711104089232012
WP_003515439.1	0.72522613077672
WP_003512905.1	0.709655109466516
WP_003512903.1	0.729635228936105
WP_003512900.1	0.720074566436243
WP_003512898.1	0.728671510672991
WP_003512896.1	0.724269307102365
WP_003512894.1	0.706397288198858
WP_003512892.1	0.734764306218272
WP_003512890.1	0.684437979911588
WP_003512888.1	0.713887404633635
WP_003512886.1	0.703076193075293
WP_003512884.1	0.727139078699634
WP_003512882.1	0.751958339573254
WP_003515437.1	0.731760357252829
WP_003512879.1	0.708530831660544
WP_003512877.1	0.710295048419095
WP_003512875.1	0.721857909193682
WP_003512873.1	0.731285502705083
WP_003512871.1	0.737878683146613
WP_003515434.1	0.782714428295573
WP_003512867.1	0.82093424677097
WP_003512864.1	0.736145429396015
WP_003512863.1	0.715043885338453
WP_003512862.1	0.726510724297731
WP_003512861.1	0.695700845383934
WP_003512860.1	0.69805960773774
WP_003512852.1	0.724448258941877
WP_003512850.1	0.722487316678514
WP_003512848.1	0.680505752997242
WP_003512846.1	0.688305318094213
WP_003512844.1	0.715065094621157
WP_003515426.1	0.784778780928401
WP_003515425.1	0.790387914994128
WP_003515424.1	0.769137746623232
WP_003515423.1	0.793409946528161
WP_003520874.1	0.842018496457713
WP_003515416.1	0.804697300829239
WP_003515413.1	0.799766995153442
WP_003515411.1	0.836159762570631
WP_003515409.1	0.729310914192165
WP_003515408.1	0.75771562096398
WP_003512828.1	0.704488893305221
WP_003512826.1	0.758269105677095
WP_003512816.1	0.728643321527028
WP_003512814.1	0.716979845723395
WP_003512813.1	0.710689885242628
WP_003512811.1	0.73538150151982
WP_003512807.1	0.689857168485328
WP_003515405.1	0.722071945658932
WP_003512804.1	0.730603546816261
WP_003512803.1	0.700537329339157
WP_003512801.1	0.702717433001829
WP_003515390.1	0.728525057123729
WP_003512799.1	0.746349594314296
WP_003512797.1	0.689592105981522
WP_003512794.1	0.794312652686626
WP_003512791.1	0.726670786779071
WP_003515387.1	0.713491988229312
WP_003512787.1	0.718299059866784
WP_003512783.1	0.730117425883674
WP_003512781.1	0.723748619859537
WP_003512779.1	0.714354518193404
WP_003512777.1	0.644833593569118
WP_003515381.1	0.715814469290175
WP_003512772.1	0.728037937145634
WP_003512770.1	0.701210464156114
WP_003512755.1	0.722263584898305
WP_003515378.1	0.728412160378856
WP_003515376.1	0.753268844768395
WP_003515373.1	0.745772611253494
WP_003515370.1	0.720928869096011
WP_003515031.1	0.708213039954076
WP_003515029.1	0.725225911415216
WP_003515027.1	0.710595801637637
WP_003515026.1	0.725039579433646
WP_003515025.1	0.739383982255677
WP_003515024.1	0.835216365163049
WP_003515023.1	0.731273022781521
WP_003515022.1	0.730242014259363
WP_003515021.1	0.762493795001235
WP_003515020.1	0.782344083102224
WP_003515019.1	0.721362138303632
WP_003515018.1	0.797074749116762
WP_003515365.1	0.727859263083539
WP_003515363.1	0.756246040751137
WP_003514302.1	0.78648766767299
WP_003514304.1	0.699988160515986
WP_003514305.1	0.792428116878732
WP_003515361.1	0.743445265657555
WP_003514309.1	0.802087336402589
WP_003514311.1	0.781553467101745
WP_003520857.1	0.762306669038834
WP_003514313.1	0.776687852371104
WP_003515357.1	0.719389255203676
WP_003514315.1	0.811459516643054
WP_003515355.1	0.713721791320399
WP_003514317.1	0.698228135190722
WP_003514320.1	0.743725964781863
WP_003514322.1	0.737377182108427
WP_003514324.1	0.798318721065895
WP_003514326.1	0.750986354382678
WP_003520853.1	0.701264784942144
WP_003514331.1	0.700373990564443
WP_003514333.1	0.714310245449484
WP_003514336.1	0.744711876556994
WP_003514338.1	0.754524954021882
WP_003514339.1	0.715897618931234
WP_003514341.1	0.705158174717299
WP_003514372.1	0.769526227967117
WP_003514374.1	0.788168840674533
WP_003514375.1	0.716544593527226
WP_003514376.1	0.804262963609043
WP_003514377.1	0.733239864403855
WP_003514378.1	0.7527924788394
WP_003515347.1	0.732362911268212
WP_003514381.1	0.736204566845749
WP_003515342.1	0.746920492558026
WP_003514383.1	0.763669959502568
WP_014522590.1	0.727922345686141
WP_003514386.1	0.717222297151509
WP_003520845.1	0.725773081592622
WP_003515337.1	0.722210163627125
WP_003515335.1	0.807703672164505
WP_003515333.1	0.710950121755003
WP_003514395.1	0.726857792097566
WP_003515331.1	0.699530806755127
WP_003515330.1	0.709699422366045
WP_003514399.1	0.676745953008968
WP_003515328.1	0.800239380918905
WP_003515324.1	0.703174462428349
WP_003515322.1	0.710303133729064
WP_003515320.1	0.766810688475381
WP_003515318.1	0.811296398161642
WP_003515317.1	0.731101357118653
WP_003515316.1	0.738285736284958
WP_003515313.1	0.69208047655204
WP_003515312.1	0.709514370771946
WP_003515310.1	0.669960754305803
WP_003515309.1	0.742915801868356
WP_003515306.1	0.678823074508331
WP_003515304.1	0.72466483898303
WP_003514433.1	0.750236691634009
WP_003515302.1	0.743408920217187
WP_003514437.1	0.741744995176906
WP_003514439.1	0.697039910753347
WP_003514440.1	0.66444768610402
WP_003520835.1	0.71165688982135
WP_003515298.1	0.718239123968728
WP_003515296.1	0.73230105115732
WP_003515294.1	0.672671643182805
WP_003515293.1	0.698687526320332
WP_003514453.1	0.64588156087994
WP_003514456.1	0.74173645628026
WP_003514458.1	0.726652876530719
WP_003515290.1	0.691451898354816
WP_003515288.1	0.725089009387516
WP_003514463.1	0.745578834570983
WP_003514465.1	0.726944459378561
WP_003514467.1	0.696810833813569
WP_003515286.1	0.743793344180742
WP_003514472.1	0.705808210770594
WP_003514478.1	0.710366399572264
WP_003515284.1	0.754674853767648
WP_003515283.1	0.689634964893233
WP_003514483.1	0.738238393626629
WP_003515281.1	0.758993450670672
WP_003515279.1	0.684845361702301
WP_003515277.1	0.713857071353384
WP_003515275.1	0.732649357790086
WP_003514493.1	0.71564534832289
WP_003518814.1	0.702000674682958
WP_003518813.1	0.735509512592819
WP_003514500.1	0.691136678046219
WP_003514503.1	0.752189318123332
WP_003514505.1	0.738211848785421
WP_003514543.1	0.72279294131233
WP_003514545.1	0.68048764900371
WP_003518809.1	0.755119654210569
WP_003518807.1	0.718543316697068
WP_003514552.1	0.741156450739556
WP_003514554.1	0.693039586223258
WP_003514556.1	0.739669726445605
WP_003514559.1	0.725766416855919
WP_003514562.1	0.690384427300645
WP_003514572.1	0.698422041306003
WP_003514573.1	0.679905638449216
WP_003514575.1	0.696901315486372
WP_003518803.1	0.713430225266965
WP_003514577.1	0.726846501085115
WP_003514578.1	0.738352083208403
WP_003518801.1	0.769568997365745
WP_003514580.1	0.742168515589628
WP_003514581.1	0.686444134678638
WP_003514582.1	0.736991285846224
WP_003514583.1	0.684323882767626
WP_003514587.1	0.743448130829721
WP_003514589.1	0.811113653096371
WP_003514597.1	0.770953154759816
WP_003514599.1	0.756998220369276
WP_003514601.1	0.738596676619927
WP_003521554.1	0.767573236904182
WP_003514606.1	0.782260516887104
WP_003514607.1	0.758909479939605
WP_003521553.1	0.761264777792837
WP_003514612.1	0.756346426711473
WP_003514614.1	0.736523540384903
WP_003514618.1	0.718498236397741
WP_003514621.1	0.805071744812876
WP_003514623.1	0.766410990055429
WP_003514625.1	0.782093785828314
WP_003518557.1	0.785649072205812
WP_003514630.1	0.80595148035819
WP_003518554.1	0.80494894067299
WP_003514635.1	0.775042659619097
WP_003514637.1	0.729061599041882
WP_003514639.1	0.736800102163032
WP_003514641.1	0.740999602518775
WP_003514643.1	0.74018006884102
WP_003514645.1	0.762814015292861
WP_003514647.1	0.773731071366581
WP_003514649.1	0.7554205069448
WP_003514651.1	0.770232970334468
WP_003514653.1	0.759584053603783
WP_003514654.1	0.732969995675785
WP_003514656.1	0.741374545074977
WP_003514658.1	0.74650126166317
WP_003514660.1	0.704823878061733
WP_003514662.1	0.737875425766638
WP_003518549.1	0.723730434133811
WP_003514667.1	0.715801851113214
WP_003514668.1	0.676326632815191
WP_003514670.1	0.658505316447726
WP_003514672.1	0.826302545633919
WP_003514673.1	0.690139257905118
WP_003514675.1	0.784675755623981
WP_003514677.1	0.72525586478619
WP_003514679.1	0.748387461082743
WP_003514681.1	0.736580928130948
WP_003518543.1	0.671084437689411
WP_003518542.1	0.739372636795481
WP_003518540.1	0.56412469732186
WP_003518538.1	0.605315074196728
WP_003518536.1	0.582589080259978
WP_003518535.1	0.594324070356588
WP_003518533.1	0.571682734074036
WP_037294864.1	0.583958502331811
WP_003518528.1	0.655757537507626
WP_003518526.1	0.680016607399037
WP_003518524.1	0.610801161144158
WP_003518521.1	0.727941838923615
WP_003518519.1	0.713980736292834
WP_003514690.1	0.732485420190672
WP_003514691.1	0.712149702507045
WP_003514693.1	0.716346159444901
WP_003514694.1	0.685043775211977
WP_003514696.1	0.721149272074047
WP_003514698.1	0.741484540774448
WP_003514700.1	0.726171902564903
WP_003514703.1	0.761568187868263
WP_003514705.1	0.737140290066645
WP_003518516.1	0.710006398113092
WP_003514709.1	0.716189429258488
WP_003518514.1	0.722264782345888
WP_003518511.1	0.725657202574772
WP_003518507.1	0.679734549875242
WP_037294861.1	0.74101860384212
WP_003514722.1	0.819991017072968
WP_003514726.1	0.808962283047702
WP_003514728.1	0.733981155197429
WP_003514730.1	0.687930265583036
WP_003519421.1	0.709088712495319
WP_037294696.1	0.679280483424694
WP_003514737.1	0.695648787420615
WP_003519419.1	0.809836362029393
WP_003519418.1	0.687903997891562
WP_003519417.1	0.772591635253767
WP_003519415.1	0.631754163310355
WP_003514745.1	0.653898664689469
WP_003514747.1	0.724966889332644
WP_014522591.1	0.717724583912815
WP_014522592.1	0.73095778278192
WP_003516952.1	0.659700260766189
WP_003519922.1	0.766793271875769
WP_003514757.1	0.710330723279532
WP_003516946.1	0.811994814659103
WP_003514760.1	0.668410668424246
WP_003514773.1	0.611601285298923
WP_003514774.1	0.743815924805043
WP_003514775.1	0.698279622079553
WP_003514776.1	0.809091208602983
WP_003516942.1	0.765108381293303
WP_003520465.1	0.661324756774298
WP_080514930.1	0.688435584900095
WP_003516940.1	0.743459769048204
WP_003516937.1	0.790319367505951
WP_003514927.1	0.804045739634293
WP_003516935.1	0.755672457308206
WP_003514923.1	0.741066998167421
WP_003514922.1	0.784754857055165
WP_003514920.1	0.753274002864332
WP_003516932.1	0.716107064149807
WP_003514918.1	0.649463799737561
WP_003514917.1	0.746588263957168
WP_003520472.1	0.762888611521017
WP_003516928.1	0.740527126293131
WP_003514914.1	0.733207645811127
WP_003514912.1	0.785071303645183
WP_003514910.1	0.712033422502494
WP_003514908.1	0.766109488655735
WP_003514906.1	0.7260498691125
WP_003514904.1	0.721116892370107
WP_003514902.1	0.754476281500868
WP_003516923.1	0.676690441937553
WP_003514898.1	0.756468101872771
WP_003516920.1	0.69773812861907
WP_003514893.1	0.706840627065045
WP_003514890.1	0.671367293457428
WP_003514888.1	0.734118741812733
WP_003514887.1	0.756631018973591
WP_003514884.1	0.843877189623655
WP_003514882.1	0.720395341463052
WP_003514880.1	0.685340879960402
WP_003514876.1	0.672425529900218
WP_003514874.1	0.743018515749677
WP_003516915.1	0.681918983606817
WP_003516913.1	0.751750753842305
WP_003514867.1	0.708143926688858
WP_003514865.1	0.649996091843458
WP_003514863.1	0.712054920081249
WP_003514861.1	0.712472585454944
WP_003514859.1	0.705457881081153
WP_003514857.1	0.712650143377632
WP_003514855.1	0.702979447171821
WP_003514852.1	0.760433713855933
WP_003514851.1	0.713379101198244
WP_003516909.1	0.72743252030044
WP_003514847.1	0.733490784052895
WP_003514846.1	0.751541388029304
WP_003516907.1	0.567574182105397
WP_003516905.1	0.803055361599213
WP_003514843.1	0.760013747459569
WP_003514842.1	0.716742373928395
WP_003514839.1	0.721751251379208
WP_003516902.1	0.764913055373162
WP_003514835.1	0.769633702281448
WP_003514832.1	0.773213629925032
WP_003514830.1	0.723803792113269
WP_003514829.1	0.682750858950682
WP_003514827.1	0.713504892811013
WP_003516899.1	0.726635215118159
WP_003516897.1	0.73105628461027
WP_003514820.1	0.685948299229011
WP_003516895.1	0.668434115715843
WP_003514815.1	0.707286355586853
WP_003514814.1	0.681149658057492
WP_003514806.1	0.679038017197579
WP_003514804.1	0.731175229459864
WP_003520479.1	0.758590070246921
WP_003514797.1	0.76759199695418
WP_003514796.1	0.672568301131262
WP_003514793.1	0.776186074385366
WP_003514792.1	0.715246376483586
WP_003514791.1	0.801621583804157
WP_004464483.1	0.65093169438402
WP_003521725.1	0.74458124755576
WP_003514788.1	0.74848869812678
WP_003519351.1	0.721073785508968
WP_003511511.1	0.744748820920227
WP_003519349.1	0.750775634499959
WP_003511526.1	0.730541240229245
WP_003519346.1	0.727206161902884
WP_003511531.1	0.752409324824662
WP_003511534.1	0.717623489975545
WP_003511538.1	0.806110323736623
WP_003511544.1	0.713150793612917
WP_003511546.1	0.735010306906085
WP_003511547.1	0.741192242945097
WP_003511548.1	0.766030335469781
WP_003511549.1	0.76202937708382
WP_014522594.1	0.809228465549668
WP_014522595.1	0.753482567490556
WP_003519375.1	0.774338493977584
WP_003519374.1	0.766904205782578
WP_003511555.1	0.762454286355145
WP_003511556.1	0.73778026148961
WP_003511557.1	0.748287171572546
WP_003511558.1	0.731749815356944
WP_003511560.1	0.707857014303923
WP_003511564.1	0.705838396179333
WP_003521086.1	0.696841873030471
WP_003511571.1	0.786092192834298
WP_003511573.1	0.748846615666489
WP_003519369.1	0.747162871290981
WP_003511577.1	0.733392919462313
WP_003511583.1	0.746456441190766
WP_003511587.1	0.722861087624523
WP_003511591.1	0.700931276394997
WP_003511596.1	0.731609624390042
WP_003511598.1	0.719643229229804
WP_003511600.1	0.689527389601864
WP_003511601.1	0.66967917427928
WP_003511602.1	0.670041905146925
WP_003511603.1	0.715462161986593
WP_003511604.1	0.719548460987489
WP_003511605.1	0.695766150038482
WP_003511606.1	0.75404009573463
WP_003511607.1	0.705124461708333
WP_003511610.1	0.75074648005155
WP_003511612.1	0.739354701730924
WP_003511613.1	0.757850477698355
WP_003511615.1	0.735553181903659
WP_003511616.1	0.735096093550536
WP_003519740.1	0.733548819936185
WP_003511628.1	0.714177803545489
WP_003511632.1	0.767919394211479
WP_003511635.1	0.728166617301538
WP_003511639.1	0.724692747586132
WP_003511642.1	0.736597513159486
WP_003516161.1	0.767721544482927
WP_003511648.1	0.686773022194799
WP_003511651.1	0.769851499047609
WP_003511653.1	0.762702774617047
WP_020458025.1	0.72831197729806
WP_003511655.1	0.740087759828613
WP_003516160.1	0.784536122363624
WP_003516159.1	0.776452878454572
WP_003511658.1	0.701249013363256
WP_003511659.1	0.79111027887303
WP_014522596.1	0.714611634418978
WP_003516157.1	0.730832582895177
WP_003511662.1	0.738517583834289
WP_003516156.1	0.746251071008517
WP_003516155.1	0.755242766794316
WP_003511665.1	0.77353846891879
WP_003511666.1	0.7658420323807
WP_003511667.1	0.675269929269226
WP_003511668.1	0.835327385276509
WP_003511669.1	0.748875141853301
WP_003511670.1	0.781723033236778
WP_003511671.1	0.753094772516478
WP_003511672.1	0.726362875434429
WP_003511673.1	0.745371274570625
WP_003516153.1	0.728522586765042
WP_003511674.1	0.703628703170437
WP_080514932.1	0.704026243461917
WP_003516151.1	0.684959241606654
WP_003511675.1	0.71287177611994
WP_003511676.1	0.74112067530994
WP_003511677.1	0.688388524844842
WP_003516150.1	0.679013748000171
WP_003516148.1	0.698540160695247
WP_003511680.1	0.732267856871885
WP_003511681.1	0.741394304006078
WP_003511682.1	0.706469203801943
WP_003511683.1	0.709655236154282
WP_003516145.1	0.710436695063669
WP_003516144.1	0.727894263509018
WP_003511686.1	0.734376186001509
WP_003516143.1	0.736429257568648
WP_003511688.1	0.745723495455474
WP_003516142.1	0.690964539021738
WP_003511692.1	0.721009870564697
WP_003511696.1	0.721217226550929
WP_003516139.1	0.730353543284293
WP_003516137.1	0.76094456269124
WP_003511705.1	0.731147499547619
WP_003511707.1	0.745376136920915
WP_003516134.1	0.742059984972587
WP_003516132.1	0.737265406802392
WP_003511713.1	0.72636420989022
WP_003511715.1	0.75317439443481
WP_003511717.1	0.741254711145594
WP_003516128.1	0.754443888937756
WP_003516120.1	0.72536660992572
WP_003511724.1	0.706723137829838
WP_003511726.1	0.754703639068491
WP_003516115.1	0.719702763757459
WP_003511730.1	0.737659957233798
WP_003511731.1	0.687820798060959
WP_003516112.1	0.731336031814061
WP_003511737.1	0.763416071792603
WP_003511746.1	0.741093795833327
WP_003511748.1	0.723162705319251
WP_003516107.1	0.745183356016053
WP_003511751.1	0.712126230251722
WP_003511753.1	0.757482057024234
WP_003516105.1	0.750144892097104
WP_003516103.1	0.74048300130489
WP_003511777.1	0.747261995814494
WP_003511778.1	0.789204788192888
WP_003511780.1	0.713782788571189
WP_003511783.1	0.733755359059762
WP_003511785.1	0.78511409056071
WP_003511787.1	0.690775280822616
WP_003511789.1	0.758662212779615
WP_003511791.1	0.752577999581717
WP_003516098.1	0.676716950077142
WP_003516096.1	0.713024664546085
WP_003516093.1	0.771480603593249
WP_003516091.1	0.740317474070876
WP_003516089.1	0.864207520729452
WP_003521386.1	0.804943850379788
WP_003521384.1	0.829931870269759
WP_003516080.1	0.790905472792667
WP_003516078.1	0.728293293314389
WP_003516077.1	0.789919728444793
WP_003516075.1	0.790167669512816
WP_003516073.1	0.78222199048085
WP_003516071.1	0.808554023031031
WP_003521380.1	0.79606183879823
WP_003516061.1	0.791392678513063
WP_003516055.1	0.774896990107606
WP_003516053.1	0.808556363674127
WP_014522598.1	0.77372251987964
WP_003520010.1	0.731322444192803
WP_003519514.1	0.784837233476694
WP_003519513.1	0.802924276446834
WP_003519512.1	0.793802200454986
WP_003511856.1	0.770226312790572
WP_003519478.1	0.746179458440678
WP_003519477.1	0.771022260527722
WP_003511862.1	0.753569540332886
WP_003519476.1	0.759549163241232
WP_003519474.1	0.817510975430722
WP_014522599.1	0.739746435629916
WP_003511872.1	0.738883180234624
WP_003519621.1	0.766762648475706
WP_003519623.1	0.751971256065244
WP_003520287.1	0.683702867762158
WP_003519243.1	0.750883334282755
WP_003519241.1	0.744531964423004
WP_003519238.1	0.651326534001969
WP_003519236.1	0.680482852581142
WP_003519233.1	0.704952152785313
WP_003519231.1	0.808274902405042
WP_003519228.1	0.7266105730318
WP_003519227.1	0.722835208815481
WP_003519219.1	0.737970707659671
WP_003519210.1	0.708091413083222
WP_003519208.1	0.728501131666262
WP_003519206.1	0.806335354047499
WP_003519204.1	0.75274447138261
WP_003519202.1	0.798348433484461
WP_003519199.1	0.71094730813632
WP_003519198.1	0.715239011295576
WP_003519196.1	0.593242599831457
WP_003519194.1	0.583400935655914
WP_003519192.1	0.589734373629853
WP_003519190.1	0.644264737963744
WP_003519189.1	0.715508897871004
WP_003519188.1	0.778255060663913
WP_003519185.1	0.70089502413138
WP_003519182.1	0.695686212286398
WP_003519180.1	0.723397405239079
WP_003521203.1	0.710418999953374
WP_003519464.1	0.732221014758074
WP_003519463.1	0.707089960396525
WP_003519462.1	0.696677419007321
WP_003519461.1	0.691868840595456
WP_003519460.1	0.706303590410203
WP_003519459.1	0.711331734535634
WP_003519458.1	0.743790059870603
WP_003521200.1	0.72003515942589
WP_004463813.1	0.703413306730072
WP_003518318.1	0.746763066239975
WP_003518316.1	0.816737221116509
WP_003518315.1	0.823692761540366
WP_003518313.1	0.771082357798176
WP_003518311.1	0.754067319278656
WP_003518310.1	0.759433375388676
WP_003518307.1	0.775062661255122
WP_003518305.1	0.704516184968646
WP_003518303.1	0.710821512596204
WP_003518301.1	0.732196019094724
WP_003518298.1	0.690520722885775
WP_003518296.1	0.667549113874412
WP_003518293.1	0.72016788522596
WP_003518291.1	0.728633285202369
WP_003520743.1	0.712492952567724
WP_003518285.1	0.704452265685759
WP_003518283.1	0.731447308358817
WP_003518280.1	0.750213693662338
WP_003518272.1	0.729691190989638
WP_003518270.1	0.703984245552564
WP_003518268.1	0.730723471989724
WP_003518265.1	0.741632436230935
WP_003518263.1	0.72375660111126
WP_003518261.1	0.756256111771798
WP_003518259.1	0.688294332649934
WP_003521619.1	0.726050866497953
WP_003518251.1	0.752512919677668
WP_003518248.1	0.704423986757698
WP_003520172.1	0.702025811240585
WP_003520176.1	0.705818357504881
WP_003518242.1	0.735895885147743
WP_003518240.1	0.703195809744603
WP_003518239.1	0.723990553947581
WP_003518237.1	0.754317509242806
WP_003518235.1	0.749257141325405
WP_003518233.1	0.730652110497725
WP_004463784.1	0.761946513364611
WP_003518229.1	0.719341346357268
WP_003518228.1	0.715638805341839
WP_003518225.1	0.734956445447677
WP_003520182.1	0.788057876356172
WP_003518220.1	0.743011031509922
WP_003518218.1	0.749559246083134
WP_004463776.1	0.752994904809164
WP_003523036.1	0.739012067175894
WP_003519398.1	0.835529300735118
WP_003519396.1	0.791072358721398
WP_003519393.1	0.814086572955582
WP_003519391.1	0.740744962523325
WP_003519389.1	0.743276848411322
WP_003519387.1	0.797833715387313
WP_003519385.1	0.767198656087255
WP_003519383.1	0.78878567953951
WP_003517126.1	0.771883551029729
WP_003520526.1	0.742528435971693
WP_003517116.1	0.758558106488456
WP_003517114.1	0.763998695550813
WP_003517112.1	0.766236200079465
WP_003517110.1	0.766382898867058
WP_003517108.1	0.78166455309433
WP_003517107.1	0.736286073809547
WP_003517105.1	0.794356408236955
WP_003517102.1	0.785774816330237
WP_003517100.1	0.770521722926142
WP_003517098.1	0.765516439153016
WP_003517096.1	0.730512269578484
WP_003520530.1	0.776226326150469
WP_003517090.1	0.77218388371707
WP_003517088.1	0.757109626395123
WP_003517087.1	0.730765222995117
WP_003517085.1	0.742110077315123
WP_003517076.1	0.740142070086695
WP_003517075.1	0.800235883582744
WP_003517073.1	0.760267862606683
WP_003517071.1	0.714128129919853
WP_003517069.1	0.743150276104878
WP_003517067.1	0.71799370250668
WP_003517065.1	0.728571647251373
WP_003517064.1	0.733813886239244
WP_003517062.1	0.707055991374979
WP_003517060.1	0.755626576038557
WP_003517058.1	0.696905369388128
WP_003517056.1	0.756691631302988
WP_003517055.1	0.720864522496986
WP_003517046.1	0.788157652240797
WP_003517045.1	0.713207403117497
WP_003517044.1	0.731479607246668
WP_003517043.1	0.742413723970893
WP_003517042.1	0.754072515333347
WP_003517040.1	0.701880823767848
WP_003517038.1	0.713850955268988
WP_003517036.1	0.719848376626812
WP_003517033.1	0.727690531985888
WP_003517032.1	0.646299259804035
WP_003517030.1	0.729050332891585
WP_003517027.1	0.732711700551705
WP_003517026.1	0.723245665115135
WP_003517023.1	0.744610287648309
WP_003517022.1	0.752879624812242
WP_003517020.1	0.760104376941841
WP_003517018.1	0.764186289824131
WP_003517016.1	0.763270355324764
WP_003517014.1	0.741255224073478
WP_004463712.1	0.72621993893555
WP_003517011.1	0.722011069133463
WP_003517009.1	0.790650604709118
WP_003517008.1	0.753650273423124
WP_003517002.1	0.703585374284066
WP_003517000.1	0.743431620362029
WP_003516997.1	0.701478155078289
WP_003516995.1	0.726787258835333
WP_003516993.1	0.756322921099176
WP_003516991.1	0.731973702049083
WP_003516988.1	0.708410955469366
WP_003516986.1	0.748056009468986
WP_003516984.1	0.753238885445448
WP_003516982.1	0.751948876131383
WP_003516980.1	0.754494097244525
WP_003516977.1	0.755118557105201
WP_003516975.1	0.763113321446443
WP_003516973.1	0.703667628269815
WP_003516971.1	0.721028546304824
WP_003520544.1	0.711488243580433
WP_003520546.1	0.758312237338039
WP_003517551.1	0.789358733311802
WP_003517550.1	0.702498326187995
WP_003517549.1	0.725886545424401
WP_003517548.1	0.811572024739955
WP_003517545.1	0.733972668674863
WP_080514905.1	0.698887812854353
WP_003517539.1	0.718350454101687
WP_003517537.1	0.73069581192629
WP_003517535.1	0.765662638307433
WP_003517534.1	0.697154262413953
WP_003517532.1	0.722137092872402
WP_003520552.1	0.680937665972521
WP_003517527.1	0.725180289709357
WP_003517525.1	0.751536075911506
WP_003520554.1	0.752432599446772
WP_003517514.1	0.74456996313417
WP_003517512.1	0.723776685475484
WP_003520557.1	0.709809127190678
WP_003517509.1	0.763750076166285
WP_003517508.1	0.744394127911904
WP_003517507.1	0.735475962434358
WP_004463666.1	0.718463493428508
WP_003517505.1	0.73714820157296
WP_003517504.1	0.749409478991975
WP_003517502.1	0.730901047740927
WP_003517501.1	0.789312472589705
WP_003517500.1	0.788352452174844
WP_003517499.1	0.744688673533415
WP_003517498.1	0.764890882733617
WP_003517497.1	0.703121863429095
WP_003517496.1	0.697365867889492
WP_003517495.1	0.697751908213246
WP_003517494.1	0.738957778090867
WP_003517493.1	0.757316554152966
WP_003517492.1	0.72658982358743
WP_003517491.1	0.767780388187787
WP_003517490.1	0.722459309842341
WP_003517489.1	0.742901824832907
WP_003517488.1	0.718102813138589
WP_003517487.1	0.785138140205658
WP_003517485.1	0.746550445139718
WP_003517483.1	0.768822317216865
WP_003517480.1	0.740637903871427
WP_003517475.1	0.786986417792992
WP_003517464.1	0.742597518628042
WP_003517463.1	0.712753190552279
WP_003517461.1	0.704118462166614
WP_003517459.1	0.753844925303986
WP_003517457.1	0.740815893188577
WP_003517455.1	0.740771444773753
WP_003517454.1	0.728440662634058
WP_003517452.1	0.707054177286042
WP_003517450.1	0.751312156760247
WP_003517447.1	0.711578265511236
WP_003517446.1	0.750133569493233
WP_003517444.1	0.788451211121651
WP_003517442.1	0.702253911309314
WP_003517440.1	0.721051111354032
WP_003517438.1	0.743473309743202
WP_003517436.1	0.766200808810827
WP_003517434.1	0.74315644791084
WP_014522610.1	0.759540062553445
WP_003519118.1	0.765778085657295
WP_003519116.1	0.75708107803313
WP_003519113.1	0.737849193219463
WP_003519111.1	0.72208033452663
WP_003519108.1	0.742708908083322
WP_003519106.1	0.744132994962075
WP_003519104.1	0.736799391350805
WP_003518901.1	0.745122418751179
WP_003518900.1	0.714855040212132
WP_003520198.1	0.687317492396089
WP_003518898.1	0.774690840348465
WP_003518897.1	0.790275714710046
WP_003518895.1	0.758515493608696
WP_003518893.1	0.735273539275768
WP_003518891.1	0.735307540555072
WP_003518890.1	0.703942301504551
WP_003518887.1	0.688152076201184
WP_003518885.1	0.731877317025397
WP_003518883.1	0.798318409179793
WP_003518881.1	0.745930387773895
WP_003518879.1	0.727578166805359
WP_003520193.1	0.74072683078446
WP_003518876.1	0.751047687715095
WP_003518875.1	0.754264005656721
WP_003518874.1	0.754975677968524
WP_003518873.1	0.715986669100912
WP_003518870.1	0.759652576243122
WP_003518869.1	0.776663475671147
WP_003518868.1	0.702531571465492
WP_003518866.1	0.723501588107285
WP_003518865.1	0.72157219544777
WP_003518863.1	0.732301755593059
WP_003518861.1	0.717410187012866
WP_003518858.1	0.703534282205424
WP_003518855.1	0.707028992817848
WP_003518853.1	0.733266872755983
WP_003518842.1	0.730306825339199
WP_003519717.1	0.75318719242456
WP_014522611.1	0.778963340477962
WP_003519441.1	0.774632864742845
WP_003519439.1	0.786046469518428
WP_003519438.1	0.70276372556567
WP_003519437.1	0.705039422763251
WP_003519436.1	0.689012871979393
WP_003519435.1	0.698321372785321
WP_003519434.1	0.702055235451815
WP_003519433.1	0.703522328176199
WP_003519432.1	0.702884787154251
WP_003519431.1	0.703366087087727
WP_003519430.1	0.755169760802674
WP_003519429.1	0.735161335163636
WP_003519428.1	0.69649905061038
WP_003519171.1	0.752291862497735
WP_003519170.1	0.740241117649352
WP_003519168.1	0.742510179733918
WP_003519167.1	0.761058580645461
WP_003519166.1	0.702240690267666
WP_003521881.1	0.765418345244589
WP_003519164.1	0.738462487662621
WP_003519155.1	0.724607547214248
WP_003519151.1	0.736506820136949
WP_003519149.1	0.764329594603899
WP_003519146.1	0.73697899570399
WP_003519144.1	0.720300233463122
WP_003519142.1	0.728875434488883
WP_003519140.1	0.704900252312299
WP_003519138.1	0.752121443252784
WP_003519135.1	0.702519534853222
WP_003519133.1	0.750401173450612
WP_003519132.1	0.7309615484942
WP_003519130.1	0.707285698658728
WP_003519126.1	0.73648269892427
WP_003519124.1	0.726322307114324
WP_003515767.1	0.75030588821891
WP_003515764.1	0.72928033349886
WP_003515762.1	0.744113965587411
WP_003515760.1	0.794680720880536
WP_003515758.1	0.773577590176156
WP_003515756.1	0.737606130297948
WP_003515754.1	0.780462318804434
WP_003515752.1	0.758746467833416
WP_003515750.1	0.749089812088421
WP_003521255.1	0.792576550758137
WP_003515746.1	0.701894523694584
WP_003515744.1	0.727753214245997
WP_003521254.1	0.708493888831642
WP_003515738.1	0.698922066916336
WP_003515736.1	0.719735792429709
WP_003515733.1	0.71404564257885
WP_003515732.1	0.721739651192383
WP_003515729.1	0.752347148331144
WP_003515727.1	0.776460133917928
WP_003515725.1	0.765297076545326
WP_003515723.1	0.738411252051203
WP_003515721.1	0.713594682175624
WP_003515719.1	0.733762091225428
WP_003515717.1	0.716238880351811
WP_003515715.1	0.740290500699113
WP_003515712.1	0.758341932570674
WP_003515710.1	0.703740426421153
WP_003515708.1	0.778007847608256
WP_003515705.1	0.743547467326023
WP_003515703.1	0.749574585978388
WP_003515701.1	0.741384453683915
WP_014522613.1	0.724404794522296
WP_003515698.1	0.694928798190761
WP_003515696.1	0.704461857840114
WP_003515694.1	0.715897479866745
WP_003515692.1	0.713271276780618
WP_003515690.1	0.747936695916887
WP_003515688.1	0.737252986526119
WP_003515687.1	0.769572086718055
WP_003515686.1	0.707731194742456
WP_003515685.1	0.747400389666876
WP_003515684.1	0.840056823532964
WP_003515683.1	0.760609295348149
WP_003515682.1	0.726531865222935
WP_003515680.1	0.693876228156191
WP_003515678.1	0.731469602680735
WP_003515677.1	0.741297615646501
WP_003515675.1	0.764523919591229
WP_003515673.1	0.728521228053806
WP_003515671.1	0.76612195105274
WP_003515668.1	0.787478242476737
WP_003515667.1	0.694104567401507
WP_003515665.1	0.731118621439665
WP_003515663.1	0.745171566996793
WP_003515661.1	0.722581616387873
WP_003515658.1	0.705851942824218
WP_003515656.1	0.736674899088933
WP_003515653.1	0.721389492922316
WP_003515651.1	0.744781969191118
WP_003515650.1	0.722603053996465
WP_003515648.1	0.781024188277601
WP_003515646.1	0.777104560253541
WP_003515644.1	0.734541072254581
WP_003515642.1	0.726383935196064
WP_003515640.1	0.734672086994653
WP_003515638.1	0.666199655716631
WP_003521240.1	0.731192971442344
WP_003515634.1	0.762141466517868
WP_003515632.1	0.74517442742651
WP_003515630.1	0.727112438100244
WP_003515629.1	0.745801395693036
WP_003515627.1	0.76613317641304
WP_003515625.1	0.725806098450556
WP_003515619.1	0.745732905193029
WP_003515618.1	0.711565681687444
WP_003515616.1	0.718929733893719
WP_003515614.1	0.731248644417583
WP_003515613.1	0.726165483141313
WP_003515609.1	0.747088030873733
WP_003515607.1	0.751845894597827
WP_003515606.1	0.666331972815812
WP_003515604.1	0.768960647214767
WP_003515602.1	0.727237318673579
WP_003515600.1	0.724221448393483
WP_003515597.1	0.740738270335063
WP_003515596.1	0.743373336736412
WP_003515593.1	0.787885542905145
WP_003515591.1	0.799383706255185
WP_003515590.1	0.722729370500661
WP_004463481.1	0.783431318598966
WP_003515588.1	0.72395194525561
WP_003515586.1	0.76046977381078
WP_003515584.1	0.805400022101296
WP_003515583.1	0.708775301027756
WP_003515581.1	0.748315446193834
WP_003515579.1	0.709986735008554
WP_003515577.1	0.754134069846033
WP_003515575.1	0.704127285280807
WP_003521232.1	0.745528367203353
WP_003515572.1	0.732478734853793
WP_003515569.1	0.718206197518148
WP_003515567.1	0.764122740498849
WP_003515565.1	0.747715201887035
WP_003515563.1	0.719620129971596
WP_037295047.1	0.741462874466613
WP_003515559.1	0.763608691135147
WP_003515557.1	0.754806311772686
WP_003515555.1	0.719054721280446
WP_003515554.1	0.728999416724125
WP_003515551.1	0.715241993030591
WP_003515550.1	0.698439817339447
WP_003515548.1	0.745701007776787
WP_003515546.1	0.731285351068077
WP_003515545.1	0.752365833665273
WP_003515543.1	0.739770562134258
WP_003515542.1	0.732831038287238
WP_003515540.1	0.74620195875999
WP_003515537.1	0.713395056906924
WP_003515536.1	0.69188701617094
WP_003515533.1	0.751638618974634
WP_003515531.1	0.742586283490178
WP_003515527.1	0.754399070240548
WP_003515525.1	0.740743842544671
WP_003515523.1	0.721011512741129
WP_003515521.1	0.71434491831721
WP_003515519.1	0.735514346725179
WP_003515517.1	0.746824940366663
WP_003515515.1	0.733285869611742
WP_003515513.1	0.724208854356317
WP_003515511.1	0.751161585695356
WP_003515509.1	0.722421529137145
WP_003515507.1	0.742539573675938
WP_003515505.1	0.75498873656433
WP_003515503.1	0.762861741174733
WP_003515501.1	0.75766728552604
WP_003515499.1	0.714095743086535
WP_003515496.1	0.800108645214105
WP_023062381.1	0.632603473365888
WP_003520378.1	0.670275895438035
WP_003518664.1	0.719520654819981
WP_003518663.1	0.824484358874783
WP_003518662.1	0.745838165214949
WP_003518661.1	0.735300461961707
WP_003518660.1	0.743335047660698
WP_003518658.1	0.734944396809216
WP_003518656.1	0.721620200532559
WP_003518655.1	0.756031684179325
WP_003518652.1	0.731752153783226
WP_003518650.1	0.743263373580106
WP_003518649.1	0.776890211066966
WP_003518647.1	0.707829767703038
WP_003518645.1	0.76292993545363
WP_003518642.1	0.723909600282677
WP_003518641.1	0.839295376786075
WP_003518639.1	0.757241966509964
WP_003518637.1	0.735953490726782
WP_003518635.1	0.770457558129066
WP_003518633.1	0.729510757759753
WP_003518631.1	0.71652085467384
WP_003520372.1	0.723452887364265
WP_003518626.1	0.752703093494366
WP_003518624.1	0.767508313817502
WP_003520369.1	0.717126535474669
WP_003518620.1	0.713153779215314
WP_003518618.1	0.735147488879237
WP_003518616.1	0.753996483486377
WP_003518614.1	0.755122598176424
WP_003518612.1	0.813217836581653
WP_003518610.1	0.808126357647272
WP_011837932.1	0.771568560024401
WP_003518607.1	0.74718951553555
WP_003518605.1	0.742474420969173
WP_003518603.1	0.715373924021223
WP_003518601.1	0.760164753422286
WP_003518597.1	0.778772630089769
WP_003518595.1	0.771230504461799
WP_003518593.1	0.715404590366608
WP_003518592.1	0.739876028347475
WP_003518590.1	0.712078890301999
WP_003518588.1	0.676321391397883
WP_003520364.1	0.716226572755915
WP_003518584.1	0.708223655401402
WP_003518582.1	0.708702962921705
WP_003518579.1	0.738150778635052
WP_003518577.1	0.800685057490868
WP_003518575.1	0.747991862435045
WP_003518573.1	0.668504054147978
WP_003517285.1	0.709280132960753
WP_003517284.1	0.706680059873283
WP_003517282.1	0.728213987800801
WP_003517280.1	0.712854079006992
WP_003517278.1	0.761716744547105
WP_003517276.1	0.741547130676029
WP_003517274.1	0.750375762940869
WP_003517272.1	0.77705672334021
WP_003517270.1	0.720660667090599
WP_011837926.1	0.78811816851138
WP_003517268.1	0.73271732612942
WP_003517266.1	0.704173226962911
WP_003517264.1	0.749170306367135
WP_003517262.1	0.740869966311459
WP_003517259.1	0.749654839227199
WP_003517257.1	0.733770339957778
WP_003517255.1	0.767070234084237
WP_003517254.1	0.734737995779588
WP_003517251.1	0.747564702587625
WP_003517249.1	0.714990820918938
WP_003520929.1	0.740108061440776
WP_003517243.1	0.737551048744503
WP_003517241.1	0.729492532731053
WP_003517237.1	0.754931271357649
WP_003517235.1	0.738756646063721
WP_003517233.1	0.7422651494992
WP_003517230.1	0.772322786443429
WP_003517223.1	0.720953528993267
WP_003517222.1	0.681565171467155
WP_003517221.1	0.721774057834497
WP_003520919.1	0.754322443658453
WP_003517218.1	0.735445708227266
WP_003517217.1	0.667388122280893
WP_003517216.1	0.711488784558537
WP_003517215.1	0.720519322007569
WP_003517214.1	0.662266738877329
WP_003517213.1	0.761669257763128
WP_003517212.1	0.697829400383876
WP_003517211.1	0.692738132220355
WP_003517208.1	0.674914254561755
WP_003517206.1	0.756149363498619
WP_003517204.1	0.744459265189588
WP_003520913.1	0.694215879973167
WP_003517200.1	0.727715566715661
WP_003517198.1	0.733237622043021
WP_003517194.1	0.761719940206799
WP_003517192.1	0.740151033499891
WP_003517189.1	0.864502256523052
WP_003517187.1	0.75477075084323
WP_003517185.1	0.760355493139749
WP_003517183.1	0.769178064666186
WP_003517181.1	0.71173209339286
WP_003517179.1	0.794270640255252
WP_003517177.1	0.719648657477304
WP_003517167.1	0.760449873310381
WP_003517165.1	0.727628807354565
WP_003517163.1	0.68884158049998
WP_003517161.1	0.729240216123913
WP_003517159.1	0.744845174376524
WP_003517153.1	0.724378308297483
WP_003517151.1	0.756653196338776
WP_003517149.1	0.712267001378804
WP_003517147.1	0.724994007095547
WP_003517145.1	0.750007084262025
WP_003517144.1	0.716341628921138
WP_003517142.1	0.747440354646257
WP_003517139.1	0.746990021895746
WP_003517137.1	0.798253575122543
WP_003518779.1	0.721969768274744
WP_003518777.1	0.712496513706352
WP_003518775.1	0.80446601355073
WP_003518773.1	0.70349566517274
WP_003518771.1	0.74685438161287
WP_003518769.1	0.707840348157973
WP_003518767.1	0.718500738078322
WP_003518765.1	0.757249928491668
WP_003518763.1	0.728302547618035
WP_003518761.1	0.727655697662457
WP_003518759.1	0.746554786243301
WP_003518757.1	0.74796818675319
WP_003518755.1	0.724630261569244
WP_003518753.1	0.763483909462125
WP_003518751.1	0.721605979226572
WP_003518749.1	0.735788994046411
WP_003518747.1	0.752621718714512
WP_003518745.1	0.742039801141763
WP_003518743.1	0.715892524324209
WP_003518741.1	0.730593383192994
WP_003518740.1	0.751633296635514
WP_003518738.1	0.713756905188609
WP_003518736.1	0.74877232394523
WP_003518734.1	0.798937238807943
WP_003518732.1	0.758286155106371
WP_003518730.1	0.726414329307717
WP_003518728.1	0.725198760060609
WP_003518726.1	0.730514359787664
WP_003518725.1	0.708571885440152
WP_003518724.1	0.739446223090188
WP_003518722.1	0.713203065129543
WP_003520521.1	0.777524361553274
WP_003518718.1	0.766778344306445
WP_003518716.1	0.764149127000958
WP_003518714.1	0.733456853557479
WP_003518712.1	0.715951262940087
WP_003518711.1	0.750360394362791
WP_003518709.1	0.754966724684642
WP_003518707.1	0.725631607954816
WP_003518706.1	0.712491912964783
WP_003518704.1	0.677758303444689
WP_003518702.1	0.694257201141651
WP_003518700.1	0.829279201942631
WP_003519665.1	0.757619232676298
WP_003519663.1	0.738380284264763
WP_011837904.1	0.739562713100983
WP_003516390.1	0.740508122596121
WP_003516388.1	0.727632509926096
WP_003516386.1	0.737770445756768
WP_003516379.1	0.72948126433081
WP_003516377.1	0.708911067052787
WP_003516374.1	0.790888556356824
WP_003516372.1	0.683231831145023
WP_003516370.1	0.716181066821725
WP_003516367.1	0.72450401266908
WP_003516364.1	0.748009805414665
WP_003516363.1	0.723588762165837
WP_003516362.1	0.688002497631987
WP_003516360.1	0.768349400019676
WP_003516358.1	0.745085300170621
WP_003516357.1	0.774951717468585
WP_003516356.1	0.771111181687821
WP_003516355.1	0.802009524833159
WP_003516354.1	0.726114404535651
WP_003516353.1	0.740944994079722
WP_003516352.1	0.79364386315385
WP_003516351.1	0.724015670481874
WP_003516337.1	0.754042445934792
WP_003516328.1	0.723512917653381
WP_037294838.1	0.79834002974142
WP_003516324.1	0.72894373774831
WP_003516322.1	0.664710643156625
WP_003516320.1	0.770043879512198
WP_003516319.1	0.718138859847341
WP_003516317.1	0.731120522463644
WP_003516315.1	0.748757923376817
WP_003516314.1	0.782371527945933
WP_003516312.1	0.812132821725283
WP_003516311.1	0.73211828658225
WP_003516310.1	0.730229888070655
WP_003516308.1	0.687959209440753
WP_003516306.1	0.718754981310875
WP_003516304.1	0.747518417115143
WP_003516302.1	0.751309572905795
WP_003516301.1	0.728248144811219
WP_003516299.1	0.735269857707932
WP_003516298.1	0.763536075105754
WP_003516296.1	0.775774216515148
WP_003516293.1	0.779433166031195
WP_003516290.1	0.801727141376854
WP_004463341.1	0.796229789512714
WP_003516286.1	0.711516447874089
WP_003516284.1	0.75239746209583
WP_003516282.1	0.739045215843318
WP_003516281.1	0.729331820099832
WP_003516280.1	0.768108539136988
WP_003516279.1	0.750831247240399
WP_003516278.1	0.747435483669339
WP_003516277.1	0.780784476690805
WP_003516276.1	0.697228887769269
WP_003516275.1	0.743696668881038
WP_003516273.1	0.755877654645244
WP_003516271.1	0.751061600417411
WP_003516269.1	0.758694697929566
WP_003516266.1	0.798896989711922
WP_003516264.1	0.802120711604023
WP_003516263.1	0.775589500300688
WP_003516262.1	0.785898954487342
WP_003516261.1	0.74274394558667
WP_003516260.1	0.753353442491707
WP_003516259.1	0.744148194180788
WP_003516257.1	0.731890020790323
WP_003516256.1	0.740053511537871
WP_003516254.1	0.740157095084251
WP_003516251.1	0.720520659544674
WP_003516250.1	0.758740116089409
WP_003516249.1	0.760803898232543
WP_003516246.1	0.747499366293735
WP_003516243.1	0.76098108792431
WP_003516241.1	0.716468339848946
WP_003516239.1	0.741738148628343
WP_003516238.1	0.737061602387043
WP_003516235.1	0.744448241435162
WP_003516233.1	0.729695138707862
WP_003516231.1	0.667823874511804
WP_003516227.1	0.753032868324381
WP_003516225.1	0.738950708866879
WP_003516223.1	0.712278261411946
WP_003520986.1	0.771577650591167
WP_003516217.1	0.751664822950614
WP_003516214.1	0.735922153983037
WP_003516211.1	0.799976257210505
WP_004463317.1	0.700295926855846
WP_003516207.1	0.744097691005276
WP_003516205.1	0.730226377391227
WP_003516203.1	0.707185460947799
WP_003516200.1	0.757611813284986
WP_003516198.1	0.79243570577955
WP_003516196.1	0.712895123533538
WP_003516194.1	0.713904968240265
WP_003516192.1	0.782008126127433
WP_003516190.1	0.756242296736818
WP_003516188.1	0.768641721634714
WP_003516186.1	0.7657107937202
WP_003516184.1	0.752802187439674
WP_003520985.1	0.77367821669452
WP_003516178.1	0.744603927104029
WP_003516177.1	0.686043043172849
WP_003516175.1	0.784174340098661
WP_003516173.1	0.706072549171773
WP_003516171.1	0.757642341067838
WP_003520984.1	0.7742133820905
WP_003516166.1	0.718047208217044
WP_003520983.1	0.756428984884803
WP_003516164.1	0.726887715739546
WP_003516163.1	0.756037752034328
WP_003516162.1	0.745596110375305
WP_003520981.1	0.729091097809953
WP_003516678.1	0.734744593793573
WP_003516676.1	0.76157211204861
WP_003520980.1	0.742718091253232
WP_003520979.1	0.735101167113843
WP_003516670.1	0.753382871309831
WP_003516668.1	0.743216670523389
WP_003516667.1	0.70875270263445
WP_003516665.1	0.731315430488138
WP_003520978.1	0.769900290872853
WP_003516661.1	0.753111291221562
WP_003516659.1	0.737312184004608
WP_003516657.1	0.746646194526585
WP_003516654.1	0.772742847164217
WP_003516651.1	0.748740173241232
WP_003516648.1	0.778968774425258
WP_003516646.1	0.7661285083186
WP_003516644.1	0.725446403926914
WP_003516642.1	0.752503386671035
WP_003516641.1	0.730924006718752
WP_003516640.1	0.755106508916368
WP_003516639.1	0.758975760077534
WP_003516638.1	0.719309463718526
WP_003516637.1	0.725482539490016
WP_003516636.1	0.757843900782065
WP_003516635.1	0.781188608308552
WP_003516626.1	0.768670961123596
WP_003516624.1	0.74853636964631
WP_003516619.1	0.795322734053837
WP_003516617.1	0.75229581222876
WP_003520976.1	0.754854436406192
WP_003516613.1	0.712779287448479
WP_003516611.1	0.802826438482833
WP_003516608.1	0.717559963508028
WP_003516606.1	0.783950250671251
WP_003516602.1	0.71612672662582
WP_003516598.1	0.738864637312467
WP_003516596.1	0.746110868848308
WP_003516593.1	0.721251184324553
WP_003516592.1	0.754475097937123
WP_003516591.1	0.731055568797418
WP_003516590.1	0.758585214700267
WP_003516589.1	0.727987752651608
WP_003516588.1	0.749405883373339
WP_003516587.1	0.817516893781005
WP_003516586.1	0.747636506358059
WP_003516585.1	0.746575450172351
WP_003516583.1	0.756267224241552
WP_003516581.1	0.718852464533528
WP_003516579.1	0.750255436969636
WP_003516577.1	0.624600415749707
WP_003516575.1	0.751956225627288
WP_003516573.1	0.721556716031485
WP_003516571.1	0.755236973986631
WP_003516570.1	0.757525846145303
WP_003516568.1	0.774544123732929
WP_003516566.1	0.750918223657639
WP_003516564.1	0.746579322109094
WP_003516561.1	0.715286411486005
WP_003516560.1	0.722291299193702
WP_003516558.1	0.738559534528312
WP_003516556.1	0.765919760933523
WP_003520969.1	0.777514276219196
WP_003516552.1	0.786430145868984
WP_003516549.1	0.766932047443285
WP_003516547.1	0.74093441912427
WP_003516545.1	0.724097801700181
WP_003516540.1	0.732474117362151
WP_003520966.1	0.640401755928083
WP_014522619.1	0.719002194897286
WP_003516532.1	0.828887378602266
WP_003516530.1	0.726724847068695
WP_003516528.1	0.775077371802564
WP_003516527.1	0.774286703614889
WP_003516525.1	0.766894196863334
WP_003520963.1	0.745226018452127
WP_003516522.1	0.743686051783562
WP_003516520.1	0.745373393564982
WP_003516518.1	0.748856447766229
WP_003516517.1	0.723054519096086
WP_003516515.1	0.700108286141957
WP_003516513.1	0.72494899865809
WP_003516511.1	0.70150105345963
WP_003516509.1	0.768023808594013
WP_003516507.1	0.728919353666458
WP_003516505.1	0.748008702239892
WP_003516504.1	0.724253429000107
WP_003520957.1	0.701949277031398
WP_003516498.1	0.69538176104943
WP_003516497.1	0.701067950967829
WP_003516495.1	0.724577240567979
WP_003516493.1	0.703024216107792
WP_003516491.1	0.765461212392219
WP_003516489.1	0.73906648130156
WP_003516485.1	0.653682216640232
WP_003516483.1	0.757356666256859
WP_003516481.1	0.769414984855808
WP_003519451.1	0.595758991652489
WP_003519449.1	0.643856983427538
WP_003519448.1	0.648123485337062
WP_003519447.1	0.710817958169944
WP_003519444.1	0.709464894734829
WP_003519443.1	0.625957201286022
WP_003519442.1	0.609457400450391
WP_080550893.1	0.578553971104185
WP_014522622.1	0.570711073824026
WP_003517679.1	0.73472134509095
WP_003517677.1	0.751321138793621
WP_003517674.1	0.72052153728917
WP_003520265.1	0.751315001656896
WP_003517667.1	0.724164404999293
WP_003517666.1	0.740874888782883
WP_003517663.1	0.767935345054865
WP_003517661.1	0.766168924769906
WP_003517659.1	0.717227664945283
WP_003517657.1	0.753112774786057
WP_003517654.1	0.752250361928897
WP_003517653.1	0.74352959256889
WP_003517651.1	0.739022142055054
WP_003517649.1	0.757662782270905
WP_003517648.1	0.723630478629368
WP_003517644.1	0.793677133180253
WP_003517641.1	0.774644811681777
WP_003517639.1	0.728769252885585
WP_003517637.1	0.716023392447556
WP_003517635.1	0.763650733081287
WP_003517633.1	0.738022635059192
WP_003517632.1	0.721611657136722
WP_003517630.1	0.770387911542269
WP_003517629.1	0.692256882146195
WP_003517627.1	0.699771219318299
WP_003517625.1	0.780043532525132
WP_003517623.1	0.752771094239582
WP_003517621.1	0.699673927805721
WP_003517619.1	0.783962541196191
WP_003517617.1	0.737815936132712
WP_003517615.1	0.710271111081555
WP_003517613.1	0.706373120371465
WP_003517611.1	0.740450296569941
WP_003517609.1	0.769056262089559
WP_003517607.1	0.756427992799785
WP_003517604.1	0.678777082982127
WP_003517602.1	0.741320300856507
WP_003517600.1	0.797807593486713
WP_080514903.1	0.724173566267072
WP_003517597.1	0.759872532878316
WP_003517595.1	0.761306982677057
WP_003517593.1	0.664733876881241
WP_003517592.1	0.683886067500891
WP_003517590.1	0.716519192050644
WP_003517588.1	0.66085405972071
WP_003517585.1	0.693924315191973
WP_003517583.1	0.653522018646624
WP_003517581.1	0.773259347003122
WP_003517578.1	0.82217406548474
WP_003517571.1	0.734950084212295
WP_003517569.1	0.743402434245605
WP_003517567.1	0.750292178113236
WP_003517565.1	0.752887835581827
WP_003517563.1	0.783811128966769
WP_003517561.1	0.755806932130102
WP_003520277.1	0.777842057545886
WP_003518008.1	0.754063161600141
WP_003518007.1	0.723497319421363
WP_003518006.1	0.751750111712112
WP_003518005.1	0.702537035966431
WP_003518004.1	0.758591836126379
WP_003518003.1	0.68263391429929
WP_003518002.1	0.742879816244526
WP_003518001.1	0.729171131625574
WP_003518000.1	0.774519387909648
WP_003520349.1	0.75949312509423
WP_003517997.1	0.802063916639648
WP_003517996.1	0.74558660845959
WP_003517995.1	0.697145763920075
WP_003517994.1	0.755407576891031
WP_003517993.1	0.699052337606281
WP_003517992.1	0.744083010937556
WP_003517991.1	0.71197205802295
WP_004463183.1	0.733973821024835
WP_003517989.1	0.755546845538535
WP_003517988.1	0.757047345675917
WP_003517987.1	0.755045229721059
WP_003517986.1	0.757741866124197
WP_003517985.1	0.724270274023211
WP_003517984.1	0.755666460240699
WP_003517983.1	0.739434790572515
WP_003517982.1	0.755663941893441
WP_003517981.1	0.774777307979652
WP_003517979.1	0.725195928583602
WP_003517978.1	0.706729393998996
WP_003517976.1	0.744798494512547
WP_003517974.1	0.754730185194761
WP_003517972.1	0.763619277326992
WP_003517971.1	0.732407237188217
WP_003517969.1	0.732500402389531
WP_003517967.1	0.713348246209041
WP_003517965.1	0.795608676780918
WP_003517963.1	0.701824226003644
WP_003517961.1	0.728625062549131
WP_003517959.1	0.735515860059739
WP_003517957.1	0.739179929340901
WP_003517955.1	0.688638615081711
WP_003517953.1	0.715341523117411
WP_003517951.1	0.74088116052456
WP_003517950.1	0.736396010252774
WP_003517948.1	0.772297036595658
WP_003517946.1	0.76100990686339
WP_003517944.1	0.73549973162928
WP_003517942.1	0.735331578442608
WP_003517940.1	0.731631785346137
WP_003517938.1	0.734180581709204
WP_003517936.1	0.741513318858886
WP_003517935.1	0.705950682691842
WP_003517933.1	0.73173982195126
WP_003517930.1	0.750429593535619
WP_003517928.1	0.712925263072201
WP_003517925.1	0.712755516822178
WP_003517923.1	0.780668800313867
WP_003517920.1	0.762363106731164
WP_003517918.1	0.734751313475564
WP_003517916.1	0.698952047102465
WP_003517913.1	0.70654156610351
WP_003517911.1	0.762773446558198
WP_003517908.1	0.735243439596672
WP_003517906.1	0.723564946714199
WP_003517903.1	0.759180901157779
WP_003517900.1	0.740536196179969
WP_003517897.1	0.773585191008771
WP_003520339.1	0.769953356487641
WP_080514902.1	0.680953844523619
WP_003517891.1	0.731098201788569
WP_003517888.1	0.726941900879661
WP_003519077.1	0.758510321974754
WP_003519076.1	0.803095568755
WP_003519075.1	0.749713163890436
WP_003519074.1	0.757815332546618
WP_003519073.1	0.756622605109863
WP_003519072.1	0.771480561277902
WP_003519071.1	0.710356403080698
WP_003519067.1	0.759422615691014
WP_003519061.1	0.701024476047936
WP_003519059.1	0.729636365353136
WP_003519058.1	0.776388331249911
WP_003519057.1	0.766743457432067
WP_003519056.1	0.736901951685364
WP_003519055.1	0.750131410327599
WP_003520820.1	0.727500008446293
WP_003519039.1	0.742124654193312
WP_003519037.1	0.723891098175108
WP_003519036.1	0.754658507167101
WP_003519034.1	0.780765569838683
WP_003519033.1	0.77019105466802
WP_003519032.1	0.764271419606314
WP_003519031.1	0.736255364082241
WP_003519030.1	0.721115814589352
WP_003519029.1	0.684542484498449
WP_003519028.1	0.761060692084537
WP_003519027.1	0.777209836477643
WP_003518690.1	0.796819418096386
WP_003518688.1	0.758735513352264
WP_003512715.1	0.740170668851068
WP_003512712.1	0.709807689717723
WP_003512710.1	0.735041890062294
WP_003512707.1	0.703049013258568
WP_003512706.1	0.700274293136648
WP_003512705.1	0.772009630216907
WP_003512704.1	0.764127216970592
WP_003512702.1	0.72914800246092
WP_003518684.1	0.777228290470739
WP_003512699.1	0.747603719145464
WP_003512697.1	0.743181864984082
WP_003512688.1	0.717110901981427
WP_003512687.1	0.718760214672476
WP_003518681.1	0.673357824404554
WP_003518679.1	0.691214718215482
WP_003512684.1	0.716549206248837
WP_003512683.1	0.758307498803365
WP_003512682.1	0.802105370141232
WP_003518677.1	0.741148029642627
WP_003512678.1	0.716110743800691
WP_003521161.1	0.743286929591438
WP_003512676.1	0.730504129659553
WP_003512674.1	0.720588282549043
WP_003512672.1	0.765735312396138
WP_003521164.1	0.70080618508038
WP_003518674.1	0.752935052094592
WP_003518673.1	0.792059720460152
WP_003521167.1	0.764151732550343
WP_003512666.1	0.774420026401045
WP_003518671.1	0.765881951915005
WP_003512665.1	0.802803286092803
WP_003518670.1	0.746675629013252
WP_003512664.1	0.727024245806374
WP_003512663.1	0.703755842600078
WP_003512662.1	0.718062815755222
WP_003512661.1	0.707684761983368
WP_003512660.1	0.774808292804799
WP_003512659.1	0.736690143001118
WP_003518669.1	0.726179610519177
WP_003512652.1	0.7293644660311
WP_003512650.1	0.743664135225432
WP_003512648.1	0.678589320000476
WP_003519427.1	0.734579170761322
WP_003519426.1	0.739767010682796
WP_003512634.1	0.753676191327058
WP_003512632.1	0.738084120797334
WP_003512630.1	0.742711897300393
WP_003512628.1	0.761922832622909
WP_003512627.1	0.750297207374197
WP_003512626.1	0.787486131979089
WP_003512624.1	0.756610452925605
WP_003512623.1	0.727433825154815
WP_003512615.1	0.749171552665143
WP_003512612.1	0.726271638451171
WP_003512610.1	0.717065520825521
WP_003512608.1	0.756773957882378
WP_003512606.1	0.722845899558057
WP_003512598.1	0.757808739369765
WP_003512596.1	0.794870765563637
WP_003512592.1	0.769413558796847
WP_003512590.1	0.787090049505787
WP_003519098.1	0.758846719631578
WP_003512586.1	0.749507436818312
WP_003512585.1	0.75125704478289
WP_003512584.1	0.760030781779327
WP_003512583.1	0.793281478719546
WP_003512582.1	0.734148647861674
WP_003512581.1	0.754919010117601
WP_003519094.1	0.83097973822401
WP_003512578.1	0.732165153550025
WP_003512577.1	0.760805982124668
WP_003512576.1	0.720944383860362
WP_003519092.1	0.734290520854492
WP_003512574.1	0.717544650681627
WP_003519089.1	0.717583738668599
WP_003512571.1	0.736700923812243
WP_003519087.1	0.738932364064967
WP_003512569.1	0.753479943121906
WP_003519085.1	0.711878708052302
WP_003512565.1	0.690727174635722
WP_003512563.1	0.773573044084529
WP_003512559.1	0.745379875592745
WP_003520327.1	0.726786393667555
WP_003519337.1	0.770239541175129
WP_003512548.1	0.772295466436322
WP_003519336.1	0.685641016488512
WP_003512523.1	0.704495749721804
WP_003519334.1	0.722702657521856
WP_003512521.1	0.711101113404487
WP_003519333.1	0.731391092396724
WP_003512518.1	0.700004297268389
WP_003512516.1	0.741662725020552
WP_003512514.1	0.719476720459712
WP_003519332.1	0.735916240187565
WP_003519331.1	0.740572689071429
WP_003519329.1	0.733792665236735
WP_003519292.1	0.712251198663924
WP_003512504.1	0.694403503118542
WP_003512502.1	0.703674867092417
WP_003512498.1	0.804939745516138
WP_003519286.1	0.732582562820392
WP_003512494.1	0.724468265634656
WP_003512492.1	0.730855348970499
WP_003512490.1	0.682786490814843
WP_003512488.1	0.728579312637384
WP_003512486.1	0.676217641900279
WP_003512484.1	0.777727118304042
WP_003512482.1	0.720239414583578
WP_003519285.1	0.749748268233511
WP_003519284.1	0.711797022159389
WP_003512475.1	0.739809575750433
WP_003519282.1	0.803436230731779
WP_003519280.1	0.713502561559827
WP_003512474.1	0.782009753177869
WP_003521321.1	0.730204690628826
WP_041740090.1	0.756379213820984
WP_003518194.1	0.740069611575365
WP_003512463.1	0.705787393894215
WP_003512461.1	0.744761782080227
WP_003518187.1	0.72059281692237
WP_003512457.1	0.768850697836921
WP_003512454.1	0.727767285557909
WP_003512448.1	0.723306803812085
WP_003518182.1	0.740657717572033
WP_003518180.1	0.689362409984159
WP_003512440.1	0.708109609682938
WP_003512438.1	0.698699438777338
WP_003512436.1	0.708743732554666
WP_003512434.1	0.718085776033612
WP_003512427.1	0.729845386757679
WP_003518177.1	0.745999747086117
WP_003518175.1	0.718245683055863
WP_003512424.1	0.748887964811771
WP_003518173.1	0.73920968314723
WP_003512422.1	0.763447410400829
WP_003518171.1	0.781798503024187
WP_003512420.1	0.760772705157929
WP_003512418.1	0.722736957259229
WP_003512416.1	0.735655134855034
WP_003512414.1	0.757217291869629
WP_003512411.1	0.736417871023397
WP_003512409.1	0.752250722453628
WP_003512407.1	0.760388489191564
WP_003512405.1	0.723420451743419
WP_003512401.1	0.713515391970536
WP_003512399.1	0.736258412277685
WP_003512397.1	0.731188218737251
WP_003512395.1	0.750344817042653
WP_003518165.1	0.699955068652645
WP_003518163.1	0.732809737059803
WP_003512389.1	0.702686946489767
WP_003512387.1	0.700829387768464
WP_003512386.1	0.701080462763054
WP_003512384.1	0.776584082439769
WP_003512382.1	0.728262438376481
WP_003512380.1	0.719592522847302
WP_003518160.1	0.715656308097347
WP_003519014.1	0.704846947849018
WP_003519013.1	0.739505113251496
WP_003512374.1	0.735419375164813
WP_003519012.1	0.699285876147363
WP_003512371.1	0.743325625216424
WP_003512370.1	0.750234554689238
WP_003512369.1	0.694830290978655
WP_003512368.1	0.729207689217112
WP_003519011.1	0.731848293890747
WP_003512366.1	0.609479339435523
WP_003519009.1	0.71899824287361
WP_003512363.1	0.778869657360623
WP_003520602.1	0.698127980713893
WP_003512354.1	0.678862346056541
WP_003512352.1	0.692519557720372
WP_003512350.1	0.683483022816415
WP_003519008.1	0.693934049360382
WP_003512346.1	0.703899514412023
WP_003512344.1	0.759360715867037
WP_003512342.1	0.759018538679926
WP_003512340.1	0.805152072390116
WP_003519006.1	0.69083914863552
WP_003519005.1	0.695322606128892
WP_003519003.1	0.784911781135488
WP_003519002.1	0.781243917575604
WP_003512336.1	0.763849233298305
WP_003512326.1	0.693472005518427
WP_003512325.1	0.762127723976758
WP_003512320.1	0.745167114871539
WP_003512318.1	0.705861077191996
WP_003512317.1	0.738268540169525
WP_003512316.1	0.775113064040985
WP_003512315.1	0.731186146893623
WP_003512313.1	0.716107232882569
WP_003512309.1	0.744525139660651
WP_003520797.1	0.72488672692894
WP_003512303.1	0.718733148044413
WP_003512300.1	0.762148093056021
WP_003512298.1	0.771354171623191
WP_003518083.1	0.780987466147123
WP_003520794.1	0.723284459498684
WP_003518079.1	0.685820200498711
WP_003512293.1	0.764839888199558
WP_003518077.1	0.715067793213826
WP_003512291.1	0.705523137086364
WP_003512288.1	0.733874259512012
WP_003512286.1	0.73942268653854
WP_003512284.1	0.732810546701437
WP_003512282.1	0.735473201173073
WP_003512281.1	0.746463589459362
WP_003512278.1	0.720614462835005
WP_003518076.1	0.75870932741015
WP_003512275.1	0.737439999948431
WP_003512274.1	0.744426010148488
WP_003518074.1	0.70358227278285
WP_003512272.1	0.787366999886353
WP_003518072.1	0.761972767493254
WP_003518070.1	0.797743195222089
WP_003512269.1	0.762190201785592
WP_003518069.1	0.72748908492175
WP_003512267.1	0.713657263295036
WP_003518067.1	0.755454189251131
WP_003512265.1	0.731001048765738
WP_003512264.1	0.732472422438261
WP_003512262.1	0.742043737916804
WP_003512259.1	0.755127232834806
WP_003512257.1	0.699230349272245
WP_003512254.1	0.730587108828806
WP_003512252.1	0.762039556943334
WP_003512250.1	0.759019893983517
WP_003512248.1	0.727726822585939
WP_003512246.1	0.692593745279356
WP_003512244.1	0.692232054557725
WP_003512242.1	0.764671685387548
WP_003512240.1	0.748582943244739
WP_003518053.1	0.737918701062944
WP_003512237.1	0.767944697273516
WP_003512235.1	0.754150871667589
WP_003512233.1	0.716866356325936
WP_003512229.1	0.713474229941648
WP_003512227.1	0.731017297195948
WP_003512224.1	0.792640898044551
WP_003512222.1	0.742717069026045
WP_003512220.1	0.733997634002086
WP_003512219.1	0.753052572906351
WP_003518049.1	0.731993931721565
WP_003512204.1	0.771680704070539
WP_003512202.1	0.700163708816984
WP_003512200.1	0.748056575715269
WP_003518046.1	0.710413555866588
WP_003512197.1	0.742795069056346
WP_003518034.1	0.714108477286108
WP_003512194.1	0.741828361592413
WP_003512192.1	0.775365174925763
WP_003512190.1	0.687296752336146
WP_003518031.1	0.768324697141603
WP_003512188.1	0.71470481383524
WP_003518029.1	0.690827675601424
WP_003512183.1	0.767259735656805
WP_003512181.1	0.738565372015289
WP_003518023.1	0.704363214751394
WP_003512179.1	0.801988868787302
WP_003512178.1	0.750076421647414
WP_003512177.1	0.74798219899786
WP_003512176.1	0.723959155095964
WP_003512175.1	0.737321010158064
WP_003512174.1	0.748096058847645
WP_003517880.1	0.755969295143202
WP_003512173.1	0.756411929760476
WP_003512164.1	0.670565472155817
WP_003512162.1	0.727233305146684
WP_003517877.1	0.773561292002443
WP_003512157.1	0.714691985301176
WP_003512155.1	0.753985378582871
WP_003517875.1	0.785919316665388
WP_003512152.1	0.735448174101464
WP_003517873.1	0.708896335884835
WP_003512148.1	0.723686679788728
WP_003512146.1	0.773886567630456
WP_003517870.1	0.778057912284015
WP_003512136.1	0.765362135931666
WP_003512134.1	0.799640708739459
WP_003512132.1	0.707689993887503
WP_003512130.1	0.690477140463582
WP_003512129.1	0.728916836074176
WP_003512128.1	0.728450181143436
WP_003512127.1	0.724401773629062
WP_003512126.1	0.725214640822841
WP_003512125.1	0.743432082510408
WP_003517869.1	0.718995428050669
WP_003517868.1	0.725831624957105
WP_003512119.1	0.726062496644349
WP_003512117.1	0.692561858990702
WP_003512115.1	0.714916336586142
WP_003512113.1	0.739966663201402
WP_003512112.1	0.726111970227561
WP_003512109.1	0.725507156071666
WP_003512106.1	0.708138490630294
WP_003512104.1	0.72308443376308
WP_003512101.1	0.747252259986954
WP_003512099.1	0.728626017069568
WP_003512097.1	0.712539858276108
WP_003512095.1	0.708674824411742
WP_003512093.1	0.716458497298014
WP_003517864.1	0.739461008249062
WP_003517862.1	0.849459559048263
WP_003512078.1	0.772544184327677
WP_003512076.1	0.703520267428601
WP_003512074.1	0.730859455753762
WP_003512072.1	0.714946639276068
WP_003520409.1	0.742799042597963
WP_003512069.1	0.71476836138107
WP_014522629.1	0.731009737260654
WP_003512064.1	0.736457096541334
WP_003512062.1	0.73730131190555
WP_003512059.1	0.745828804147437
WP_003512057.1	0.730155589570641
WP_003512055.1	0.765920263855198
WP_003517853.1	0.742472866778231
WP_003512050.1	0.728193504170058
WP_003512048.1	0.729056513728423
WP_003520408.1	0.694763774711805
WP_003512038.1	0.722629924780677
WP_003512036.1	0.777690251401936
WP_003512035.1	0.763126127341328
WP_003512034.1	0.789270213765654
WP_003520768.1	0.726444449201394
WP_003512031.1	0.695793711644039
WP_003520766.1	0.731842655640419
WP_003512028.1	0.73539648720008
WP_003512026.1	0.731582999903985
WP_003512025.1	0.724770590763188
WP_003512022.1	0.738926576154052
WP_003512020.1	0.717346768284451
WP_003512019.1	0.670774164035254
WP_003512018.1	0.737365044303285
WP_003512017.1	0.699380266285289
WP_003518407.1	0.694020026402358
WP_003512015.1	0.775931488779234
WP_003518405.1	0.720322483532147
WP_003518403.1	0.690960578259502
WP_003512012.1	0.765229985397446
WP_003518401.1	0.743658223976895
WP_003512010.1	0.73978793875715
WP_003511996.1	0.717331649666154
WP_003518399.1	0.757322694446623
WP_003518398.1	0.729638788300272
WP_003518396.1	0.704322235969545
WP_003511986.1	0.744719474572862
WP_003511984.1	0.760034125499981
WP_003518392.1	0.743746500011475
WP_003511981.1	0.803979959105071
WP_003511980.1	0.732270126180708
WP_003518390.1	0.767096553686526
WP_003511976.1	0.753408027327033
WP_003518388.1	0.784316152314863
WP_003518386.1	0.758631341518083
WP_003518383.1	0.666447588754538
WP_003518381.1	0.727528874311946
WP_003511964.1	0.716126761474573
WP_003511963.1	0.720899310331184
WP_003518379.1	0.752950179222744
WP_080552882.1	0.735891993611888
WP_003519601.1	0.694695124080514
WP_014522631.1	0.754449255905641
WP_003518963.1	0.669469477044859
WP_003511954.1	0.824842472843361
WP_003511951.1	0.727719735585058
WP_003518961.1	0.718059103798266
WP_003511947.1	0.731178508967827
WP_003518959.1	0.70609531014953
WP_003511942.1	0.764114585401002
WP_003518957.1	0.731096263758382
WP_003518955.1	0.707290933207773
WP_003518953.1	0.741890621883196
WP_003518949.1	0.644415948637944
WP_003518947.1	0.697184956465649
WP_003518944.1	0.746833692261585
WP_080550890.1	0.692608903045025
WP_003520620.1	0.701275144797823
WP_003518940.1	0.727618531149008
WP_003511931.1	0.700606572389292
WP_003518938.1	0.699744090492087
WP_003518937.1	0.697377675851542
WP_003518935.1	0.689376636613938
WP_003511918.1	0.700973165720715
WP_003511915.1	0.688629549774235
WP_003511913.1	0.733428876814832
WP_003511911.1	0.754031220439155
WP_003511909.1	0.737549830559205
WP_003511908.1	0.76400214807967
WP_003518931.1	0.737283357427668
WP_003518929.1	0.779957944626096
WP_003511905.1	0.75542668591923
WP_003518927.1	0.743285401458669
WP_003511903.1	0.772319001282682
WP_003511902.1	0.786958968361788
WP_049776348.1	0.781124732752362
WP_003517840.1	0.786529714839424
WP_003517839.1	0.730441481845222
WP_080550888.1	0.759758604276422
WP_003517836.1	0.762413726909472
WP_003517834.1	0.694196742287185
WP_003517832.1	0.74558459974351
WP_003521100.1	0.727410824241945
WP_003517830.1	0.731466114027475
WP_003517828.1	0.717290020427641
WP_003517826.1	0.754465434530547
WP_003517824.1	0.728591126563356
WP_003517823.1	0.735925890893041
WP_003517821.1	0.686349937850764
WP_003517819.1	0.762257064099041
WP_004463855.1	0.781961918762323
WP_003517817.1	0.769684790691055
WP_003517815.1	0.681322784493059
WP_003517812.1	0.669991320198758
WP_003517810.1	0.712580252199353
WP_003517807.1	0.741677042646316
WP_003517805.1	0.723988288436931
WP_003517802.1	0.750878014975732
WP_003517800.1	0.684149886109719
WP_003517797.1	0.755181766602951
WP_003517796.1	0.737115619134045
WP_003517791.1	0.769160111887305
WP_003517789.1	0.732363586735674
WP_003517787.1	0.759402535486033
WP_003517785.1	0.653330021157339
WP_003517783.1	0.747583743017478
WP_003517781.1	0.673204524173328
WP_003517779.1	0.761927193342768
WP_003517778.1	0.720190225020529
WP_003517777.1	0.784988656301127
WP_003517776.1	0.748634741023667
WP_003517774.1	0.68575165539875
WP_003517773.1	0.697235711094929
WP_003517772.1	0.716665907484849
WP_003517769.1	0.696043083019091
WP_003517768.1	0.765988463980397
WP_003517766.1	0.758545285766124
WP_003517764.1	0.759417748839514
WP_003521118.1	0.663806158567184
WP_003517756.1	0.732675071705857
WP_003517754.1	0.734280052883319
WP_003517752.1	0.722742281480337
WP_003517750.1	0.729691559442582
WP_003517748.1	0.766402407665446
WP_003517747.1	0.708198775222969
WP_003517742.1	0.759183941919643
WP_003517741.1	0.7018772455845
WP_003517739.1	0.707421133674759
WP_003517736.1	0.685575321770663
WP_003517733.1	0.751817536359534
WP_003517726.1	0.73318050862509
WP_003517725.1	0.623611502341593
WP_003517724.1	0.735919303670388
WP_003517722.1	0.75654024680217
WP_003521121.1	0.833821226309879
WP_003517719.1	0.735110966623994
WP_003517717.1	0.64780657166086
WP_003517715.1	0.768068036101636
WP_003517713.1	0.745074242373738
WP_003517712.1	0.737948814849554
WP_003517711.1	0.724084475745254
WP_003517709.1	0.742287264886116
WP_080547380.1	0.654677835837633
WP_003517416.1	0.779733829443557
WP_003517414.1	0.689571892980889
WP_003517412.1	0.641550776089564
WP_003517410.1	0.664604854181143
WP_003517408.1	0.709132427910412
WP_003517405.1	0.646685203624075
WP_003517403.1	0.629762186597259
WP_003517401.1	0.638335402667831
WP_003517399.1	0.662316787055325
WP_003517398.1	0.601421974760136
WP_003517395.1	0.659543618080325
WP_003517393.1	0.739801563924129
WP_003517391.1	0.720584517470357
WP_003517389.1	0.770281176997221
WP_080514911.1	0.67905946045743
WP_003517385.1	0.78848389738172
WP_003517383.1	0.700696197397632
WP_003517381.1	0.728984396172806
WP_003517379.1	0.714723268524665
WP_003517378.1	0.651969353932916
WP_003517377.1	0.671534680686492
WP_003521783.1	0.714822443378288
WP_003517375.1	0.657009036480836
WP_003517374.1	0.635488991018032
WP_003517372.1	0.741806781181791
WP_003517370.1	0.691825966691272
WP_003517368.1	0.66938742150445
WP_003517366.1	0.697081891786029
WP_003517364.1	0.642927607868005
WP_003517362.1	0.681850928873989
WP_003517359.1	0.676403200136395
WP_003517357.1	0.722338926605279
WP_003517355.1	0.666456924430203
WP_003517353.1	0.704191767001117
WP_003517352.1	0.688685061740473
WP_003517350.1	0.658930349246543
WP_003517348.1	0.677757899339483
WP_003517346.1	0.676351605627256
WP_003517343.1	0.641082496472748
WP_003517341.1	0.684434491130262
WP_003517339.1	0.597042047063318
WP_003517337.1	0.661653738293258
WP_003517334.1	0.604446131059006
WP_003521788.1	0.626499613960716
WP_003517330.1	0.654568046414067
WP_003517328.1	0.669667215197274
WP_003517326.1	0.68965213989344
WP_003517324.1	0.700311721545539
WP_003517322.1	0.7416300320534
WP_003517320.1	0.7397337155033
WP_003517318.1	0.747780673124399
WP_003517316.1	0.775596622435792
WP_003517314.1	0.699383534406291
WP_003517312.1	0.716975361710269
WP_003517308.1	0.769006442524896
WP_003517306.1	0.766958429208452
WP_003517304.1	0.692839723040967
WP_003517302.1	0.700059304438694
WP_003517300.1	0.70651239112561
WP_003517298.1	0.742239805441358
WP_003517296.1	0.70293250293334
WP_003517294.1	0.726822440514254
WP_003517292.1	0.72476382254359
WP_003520706.1	0.786957076672845
WP_003520705.1	0.72767383692216
WP_003520703.1	0.746987737171436
WP_003520701.1	0.739379391139882
WP_003520699.1	0.772357190307883
WP_003520694.1	0.667289729967685
WP_080547382.1	0.694070640599813
WP_003520690.1	0.693958285009674
WP_003520688.1	0.668075345921929
WP_003520686.1	0.682830589454975
WP_003520684.1	0.681790297870394
WP_003520682.1	0.660123135264914
WP_003520679.1	0.670230865266779
WP_003520677.1	0.669246016109809
WP_003520674.1	0.688897999220437
WP_003516032.1	0.677883309861121
WP_003516031.1	0.682746682809739
WP_003520671.1	0.583608271419408
WP_003516030.1	0.692046843954714
WP_003516029.1	0.665991576406387
WP_003516028.1	0.697189031233182
WP_003516027.1	0.717876073092855
WP_003516026.1	0.652781978657654
WP_003516025.1	0.69331937839462
WP_003516024.1	0.644854136225807
WP_003516023.1	0.681875171874711
WP_003516021.1	0.633793807316511
WP_003516020.1	0.626061609069779
WP_003516018.1	0.665562323600475
WP_003516017.1	0.644806829013289
WP_003516014.1	0.594847788778253
WP_003516013.1	0.723200588725543
WP_003516007.1	0.571777313756195
WP_003516004.1	0.640206107932293
WP_003516003.1	0.6517842702174
WP_003516001.1	0.651816889839204
WP_003515999.1	0.636514625868242
WP_003515996.1	0.615054226344093
WP_014522637.1	0.731482527482376
WP_003515994.1	0.704923930153735
WP_003515992.1	0.638149669559024
WP_003515989.1	0.65090079943877
WP_003515987.1	0.614989321109056
WP_003515985.1	0.654771066415593
WP_003515983.1	0.675297708641942
WP_003515981.1	0.69267061186269
WP_003515979.1	0.714194519641297
WP_003515967.1	0.724635621460484
WP_003515965.1	0.791805294786415
WP_003515960.1	0.82672228432876
WP_003515959.1	0.879155871814212
WP_003515954.1	0.676396623449717
WP_003515952.1	0.686725133966542
WP_003515945.1	0.691833158148462
WP_003515943.1	0.704068505049006
WP_003515942.1	0.738681874822576
WP_003515939.1	0.711421658279203
WP_003515936.1	0.76475264778634
WP_003515930.1	0.721687751032266
WP_003515928.1	0.686159751933796
WP_003515926.1	0.731850524512237
WP_003515923.1	0.713445911908879
WP_003515921.1	0.659739040082358
WP_003515919.1	0.759539683904233
WP_003515917.1	0.692007088942253
WP_003515915.1	0.74684533704535
WP_003515912.1	0.792177218059762
WP_003515910.1	0.79534991955476
WP_003515908.1	0.686431022827703
WP_003515906.1	0.693189369988921
WP_003515904.1	0.769542325728457
WP_003515902.1	0.700814223592199
WP_003515900.1	0.736407316053044
WP_003515898.1	0.740236877812952
WP_003515896.1	0.729099221271295
WP_003515894.1	0.717569827480255
WP_003515892.1	0.697269076659988
WP_003520661.1	0.781930304895661
WP_003515885.1	0.832896157202034
WP_003515883.1	0.778331458602657
WP_003515881.1	0.845196109323546
WP_003515879.1	0.75539197886718
WP_003515877.1	0.753515236280316
WP_003515875.1	0.752560573825059
WP_003515873.1	0.710894442962174
WP_003515871.1	0.712924895283797
WP_003515869.1	0.718112415481612
WP_003515856.1	0.711904443620624
WP_003515855.1	0.721035795347271
WP_003515854.1	0.714549577067346
WP_003515853.1	0.777376232972145
WP_003515852.1	0.723155444415552
WP_003515850.1	0.723578615392038
WP_003515849.1	0.725392021453796
WP_003515847.1	0.732744294125071
WP_003515844.1	0.720938142266949
WP_003515843.1	0.711179448209296
WP_003515841.1	0.71753381678878
WP_003515837.1	0.639149928196089
WP_003515836.1	0.713446318591669
WP_003515833.1	0.702770838598839
WP_003515832.1	0.723753107082887
WP_003515830.1	0.735252416856141
WP_003515828.1	0.69933571641812
WP_003515825.1	0.762146932847881
WP_003515822.1	0.73479092181883
WP_003515820.1	0.701532875438206
WP_003515819.1	0.622606854932437
WP_003515817.1	0.747883394589238
WP_003515816.1	0.764326819367931
WP_003515814.1	0.72319979329863
WP_003515812.1	0.668786238383211
WP_003515811.1	0.721535042566905
WP_003515809.1	0.705735154659034
WP_003515807.1	0.68273312512968
WP_003515805.1	0.716893915729916
WP_003515803.1	0.720514205252264
WP_003515802.1	0.701004755313497
WP_003515800.1	0.69856183774757
WP_003515799.1	0.704560365202498
WP_003515797.1	0.73616246628537
WP_003515795.1	0.731976791548636
WP_003515794.1	0.708852168484069
WP_003515791.1	0.686076690318637
WP_003515789.1	0.767176009970615
WP_003515787.1	0.82636925384648
WP_003521440.1	0.785879973959892
WP_003515784.1	0.717185325516245
WP_003513736.1	0.757067859323081
WP_014522638.1	0.764648789694361
WP_003519574.1	0.807037822226696
WP_003519571.1	0.796951638460173
WP_037295109.1	0.753959994293122
WP_041740123.1	0.771215049755687
WP_014522640.1	0.755846243126981
WP_003519558.1	0.783538755306238
WP_003513744.1	0.810500323519271
WP_003513736.1	0.757067859323081
WP_014522644.1	0.776832707787399
WP_003513756.1	0.767387004891834
WP_003513758.1	0.819600557956126
WP_003519509.1	0.750723441725483
WP_037322679.1	0.814008513562067
WP_003513762.1	0.724670841380956
WP_003513763.1	0.748425730433583
WP_003513765.1	0.768443522435249
WP_003513767.1	0.687502711293391
WP_003521330.1	0.734104196175217
WP_003518917.1	0.715566979359678
WP_003513773.1	0.753732186342502
WP_003518914.1	0.735833487347319
WP_003513777.1	0.689971153880463
WP_003513780.1	0.742387594398484
WP_003513782.1	0.71580079707762
WP_003513783.1	0.717729880711716
WP_003518911.1	0.730458259916643
WP_003513789.1	0.761098944483252
WP_003513790.1	0.703738832019114
WP_003513792.1	0.72639744665303
WP_003513794.1	0.765060124730984
WP_003518909.1	0.775415445511092
WP_003513807.1	0.748657545786432
WP_003513808.1	0.742275231772517
WP_003513811.1	0.730985697634246
WP_003513814.1	0.700134272889959
WP_003518906.1	0.700024254993314
WP_003513817.1	0.762490165504178
WP_003513819.1	0.781446546839958
WP_003518903.1	0.726359514425221
WP_003513824.1	0.706783308652092
WP_003513825.1	0.741748659972285
WP_003513826.1	0.725002188968208
WP_003513827.1	0.722324315150061
WP_003513828.1	0.706152300807574
WP_003513829.1	0.700768814446033
WP_003522420.1	0.780072674650848
WP_003513833.1	0.712006363172666
WP_003519502.1	0.768686538552628
WP_003519503.1	0.738301969369151
WP_003513834.1	0.70493467449672
WP_003513837.1	0.773504503892536
WP_003513840.1	0.826289783928529
WP_003519505.1	0.71121313563706
WP_003513844.1	0.75376638221012
WP_003513846.1	0.733012109175427
WP_003519304.1	0.750985359755888
WP_003519302.1	0.743052319229897
WP_003513854.1	0.751450058827763
WP_003519299.1	0.743542611578338
WP_003513857.1	0.779354564130545
WP_003522431.1	0.789615956325761
WP_003513859.1	0.798372635422656
WP_003519296.1	0.725698162152771
WP_003513862.1	0.804108195840544
WP_003513863.1	0.73362296144143
WP_003513874.1	0.728442466450642
WP_003519324.1	0.728604540749415
WP_003513878.1	0.682893930160913
WP_003513880.1	0.712452939965576
WP_003513882.1	0.755817942314519
WP_003513884.1	0.74320307974703
WP_003513886.1	0.741112419621474
WP_003513888.1	0.654821857998259
WP_003519322.1	0.703666010345484
WP_003513891.1	0.724678227516984
WP_003513895.1	0.807653860898917
WP_003513902.1	0.722035151112685
WP_003513904.1	0.739038961037759
WP_003518454.1	0.730346753921525
WP_003513908.1	0.783954533702757
WP_003513910.1	0.703754883773236
WP_003513911.1	0.704054731813816
WP_003513913.1	0.777760027050716
WP_003513915.1	0.715440449726267
WP_003518453.1	0.766436831824032
WP_003518452.1	0.741625279110293
WP_003518450.1	0.784231998149036
WP_003513925.1	0.783761721532304
WP_003518449.1	0.707474255244577
WP_003513929.1	0.732249576327673
WP_003513930.1	0.702387219676262
WP_003513932.1	0.726045991129423
WP_003513934.1	0.700486403593852
WP_003513937.1	0.692138428002449
WP_003513940.1	0.742816505095009
WP_003513944.1	0.682954429120622
WP_003513945.1	0.74379852135559
WP_003513946.1	0.679353206063598
WP_003518448.1	0.669237513437748
WP_003513948.1	0.741801585179297
WP_003518445.1	0.690952141311412
WP_003513950.1	0.690864722992658
WP_003513951.1	0.71691760613107
WP_003513952.1	0.728835037162597
WP_003513953.1	0.69150324241214
WP_003513954.1	0.700305725178949
WP_003513955.1	0.723941369144786
WP_003513956.1	0.684528150154817
WP_003513957.1	0.665759486035359
WP_003518444.1	0.750421500482427
WP_003513961.1	0.677759736206386
WP_003513964.1	0.812445655776092
WP_003518422.1	0.788537481417773
WP_003513973.1	0.742811428063206
WP_003513987.1	0.761426451894416
WP_003513988.1	0.747569633518335
WP_003513989.1	0.751776816901382
WP_003513990.1	0.811592609284592
WP_003513991.1	0.717935943699164
WP_003513992.1	0.750502901488085
WP_003513993.1	0.781685157890196
WP_003513995.1	0.827796739312321
WP_003518419.1	0.812874902050066
WP_003522908.1	0.689531386000094
WP_003514043.1	0.754562780942139
WP_003514047.1	0.843544312488533
WP_003519521.1	0.8140778974153
WP_003515045.1	0.701454539392226
WP_003515046.1	0.796017072647044
WP_003515048.1	0.799192561571892
WP_014522650.1	0.73503911854831
WP_003514024.1	0.731513288587134
WP_003514025.1	0.679217960829679
WP_003514026.1	0.793536428056085
WP_014522651.1	0.72333631514059
WP_014522652.1	0.710361994981761
WP_003514981.1	0.756476587868131
WP_003515088.1	0.743425452189866
WP_003514987.1	0.76064505736588
WP_014522653.1	0.747516152444657
WP_003514075.1	0.732404229933816
WP_003519528.1	0.789082978423524
WP_003519531.1	0.821769346356904
WP_003522631.1	0.750691466371288
WP_003514077.1	0.795209848709493
WP_003519267.1	0.754850124388096
WP_080514919.1	0.784634639995635
WP_037295074.1	0.748865102360566
WP_003514081.1	0.76010878680628
WP_003514085.1	0.73539598606514
WP_003519257.1	0.670361421404362
WP_003519255.1	0.691158156442364
WP_003514092.1	0.73689473071528
WP_003514093.1	0.807257764578875
WP_003514095.1	0.816409509259143
WP_080547390.1	0.753845751187457
WP_003519538.1	0.747986240216847
WP_003519540.1	0.778417101006483
WP_003515210.1	0.736624312803669
WP_003516789.1	0.722792329825555
WP_003520207.1	0.772747912619684
WP_003516785.1	0.746113058114894
WP_003514102.1	0.76260782127046
WP_003514104.1	0.771185506154018
WP_003514106.1	0.723070179984426
WP_003514108.1	0.748046517599857
WP_003514110.1	0.752031448523515
WP_003514112.1	0.752270585717984
WP_003514114.1	0.79758842596106
WP_003514117.1	0.689768217073986
WP_003514120.1	0.664826406051762
WP_003514124.1	0.677987740195355
WP_003514126.1	0.658452759435705
WP_003514128.1	0.713699219806118
WP_003514130.1	0.708514758713455
WP_003520209.1	0.763952983124463
WP_003514134.1	0.718943905570535
WP_003516780.1	0.642002605138785
WP_003514136.1	0.72279562673654
WP_003516777.1	0.678012212722066
WP_003514141.1	0.682193379111495
WP_003514144.1	0.683312716650103
WP_003514146.1	0.729142675836629
WP_003514148.1	0.708884707163109
WP_003514151.1	0.678566524758705
WP_003514153.1	0.726570928340002
WP_003514158.1	0.719791938096412
WP_003514161.1	0.704674070106578
WP_003514163.1	0.734815675933493
WP_003516767.1	0.725388217166928
WP_003514166.1	0.709471993131889
WP_003514168.1	0.730157902108726
WP_003516761.1	0.709553541677926
WP_003514173.1	0.726404579158059
WP_003514175.1	0.655648593125728
WP_003516759.1	0.702089183421928
WP_003514180.1	0.682285787935783
WP_003514181.1	0.679727780629859
WP_003514185.1	0.800381476508278
WP_003514187.1	0.744523937702224
WP_003516741.1	0.752422954561653
WP_003514192.1	0.733278658971859
WP_003514194.1	0.709860979008622
WP_003514196.1	0.774470317565767
WP_003514198.1	0.686176979501229
WP_003516738.1	0.707076345648542
WP_003514203.1	0.698141163353054
WP_003514204.1	0.674848389257502
WP_003514206.1	0.692461929490089
WP_003514207.1	0.753817906722566
WP_003514209.1	0.699080230340857
WP_003514211.1	0.722648555100427
WP_003514213.1	0.846838757156569
WP_003514215.1	0.687878654293216
WP_003514216.1	0.708854331794829
WP_003514217.1	0.706788551433433
WP_003514218.1	0.718314836321809
WP_003514219.1	0.74919611034355
WP_003514220.1	0.676990878708611
WP_003516730.1	0.73411008450696
WP_003514222.1	0.735506072918622
WP_003514223.1	0.667255117213284
WP_003514224.1	0.662017693929699
WP_003514225.1	0.673160215850015
WP_003514226.1	0.736189783057207
WP_003516726.1	0.681112302474116
WP_003514228.1	0.703609497406954
WP_003514229.1	0.699372019061115
WP_003514230.1	0.717173119773936
WP_003514231.1	0.742344593565957
WP_003516709.1	0.715377598048128
WP_003514235.1	0.703535081647823
WP_003516707.1	0.738991944826521
WP_003516704.1	0.715343937179492
WP_003516702.1	0.678337323986553
WP_003516700.1	0.760512371583102
WP_003514242.1	0.703841987016832
WP_003514245.1	0.73349042718981
WP_003514246.1	0.748689390755229
WP_003516698.1	0.731746954369831
WP_003516696.1	0.691857648010792
WP_003516694.1	0.749077634353803
WP_003520229.1	0.730265446330493
WP_003516692.1	0.716242782160775
WP_003516691.1	0.778874075804346
WP_003514254.1	0.767613289426201
WP_003514256.1	0.73387759472836
WP_003514291.1	0.711224812325064
WP_003514292.1	0.787268122281433
WP_003514293.1	0.718221606144196
WP_037294493.1	0.796316697337371
WP_003516881.1	0.700035928718437
WP_003516880.1	0.723965964433609
WP_003516879.1	0.725144592637607
WP_003516878.1	0.765330508868072
WP_003516877.1	0.712344237352466
WP_003516876.1	0.750124499440155
WP_003516875.1	0.754209476774164
WP_003515176.1	0.741713282807722
WP_003520235.1	0.7371557443725
WP_003516873.1	0.777902316470883
WP_003515182.1	0.831405324929706
WP_003516872.1	0.74926391658916
WP_003516871.1	0.771930360421178
WP_003516870.1	0.761763709316996
WP_003515066.1	0.668909666976242
WP_003516869.1	0.735967462600293
WP_003515068.1	0.790598708405852
WP_003515069.1	0.784442761821125
WP_003515071.1	0.812548998196968
WP_003516868.1	0.694127965896421
WP_003516867.1	0.704469388176585
WP_003516866.1	0.735351388382412
WP_003515075.1	0.741981249879743
WP_003515076.1	0.713086109955821
WP_003516865.1	0.689944974045095
WP_003516864.1	0.721783542511173
WP_003516863.1	0.829088208772865
WP_003513713.1	0.764146587830282
WP_003513709.1	0.788060608828188
WP_003516862.1	0.681251711001143
WP_003513706.1	0.782035567106424
WP_003513703.1	0.755391763280597
WP_037294497.1	0.746114603714021
WP_003516860.1	0.746156742167151
WP_003516859.1	0.723505323246615
WP_003516856.1	0.68214616076566
WP_003516854.1	0.757855370638033
WP_003516852.1	0.757212325913845
WP_003516850.1	0.715371380260068
WP_014522658.1	0.680970649354355
WP_003513693.1	0.716637937213464
WP_003513691.1	0.733706428402184
WP_003513688.1	0.648823462455318
WP_003513685.1	0.742029328623279
WP_003513683.1	0.690951353541989
WP_003513680.1	0.71999014244812
WP_003516841.1	0.680466787930867
WP_003513676.1	0.736948439754288
WP_003513674.1	0.693724229629332
WP_003513671.1	0.7471259620531
WP_003516839.1	0.684500288361276
WP_003513667.1	0.732049810636303
WP_003516837.1	0.725119272681565
WP_003516835.1	0.716774894505845
WP_003513660.1	0.725583004482627
WP_003513657.1	0.718071478516104
WP_003516833.1	0.814255547690764
WP_003520245.1	0.793941150253262
WP_003516828.1	0.689672165508657
WP_003516826.1	0.69240999966677
WP_003516824.1	0.702993018814828
WP_003516822.1	0.689025962823983
WP_014522659.1	0.69566468370602
WP_003516818.1	0.83273677505154
WP_003516816.1	0.756571356868868
WP_003516815.1	0.768008629300346
WP_003516812.1	0.801260101252801
WP_037294512.1	0.781768211400291
WP_003513652.1	0.715190734625016
WP_003513649.1	0.663625956541982
WP_003520441.1	0.714709406705623
WP_003513646.1	0.72294439170718
WP_003513644.1	0.695197529906137
WP_003513643.1	0.706750209851821
WP_003518982.1	0.7549546641735
WP_003513639.1	0.705980816893239
WP_003520446.1	0.772272978692345
WP_003513635.1	0.749330280744651
WP_003513630.1	0.730695287086283
WP_003513628.1	0.724944970645808
WP_003518979.1	0.746464598894873
WP_003513624.1	0.769213007284704
WP_003513622.1	0.73806279215148
WP_003513620.1	0.747232767039162
WP_003513619.1	0.746428939705223
WP_003518977.1	0.772192134837505
WP_003513615.1	0.73736869906428
WP_003513613.1	0.733616706526713
WP_003513611.1	0.684238932501489
WP_003513610.1	0.743559242867248
WP_003513605.1	0.753507066970258
WP_003513604.1	0.735427594709654
WP_003513602.1	0.690517132413951
WP_003513600.1	0.756399666391354
WP_003518976.1	0.761019375089978
WP_003513594.1	0.774042367249676
WP_003513592.1	0.722940404945751
WP_003513590.1	0.702622462183126
WP_003513588.1	0.742299591595046
WP_003513587.1	0.800723562985517
WP_003513585.1	0.779779266678719
WP_003513583.1	0.76122221860303
WP_003513581.1	0.763254769916207
WP_003521649.1	0.712251588866325
WP_003513578.1	0.69524956266956
WP_003513575.1	0.755294659459484
WP_003513574.1	0.708145334782796
WP_003513572.1	0.73942182884725
WP_003518494.1	0.724417766185221
WP_003518492.1	0.724835461306664
WP_003513566.1	0.754123492214946
WP_003513565.1	0.735836835572802
WP_003513564.1	0.737964731358032
WP_003518489.1	0.702143692440408
WP_003513562.1	0.684443764138112
WP_003513552.1	0.749741208773393
WP_003518486.1	0.734569753154579
WP_003513548.1	0.699290576919657
WP_003513547.1	0.742399532722527
WP_003513545.1	0.732234511759561
WP_003513536.1	0.716988655909469
WP_003513535.1	0.705692840581273
WP_003513534.1	0.760449433179216
WP_003513533.1	0.71155245492535
WP_003513529.1	0.726895920573494
WP_003513527.1	0.742269602345121
WP_003518483.1	0.719340427440108
WP_003518481.1	0.71078355744986
WP_003513523.1	0.776653140136604
WP_003513521.1	0.710925991718915
WP_003518478.1	0.695640463901241
WP_003518476.1	0.727082790507144
WP_003513515.1	0.684001128738397
WP_003513513.1	0.687176059224766
WP_003518472.1	0.668145485743864
WP_003513509.1	0.720673092582881
WP_003513507.1	0.780381767150667
WP_003513505.1	0.714898953782724
WP_003518468.1	0.735035915688127
WP_003518465.1	0.781804461497396
WP_003521658.1	0.785864853821025
WP_003513499.1	0.764113805268505
WP_003513498.1	0.739483718615345
WP_003513496.1	0.724945503052144
WP_003518460.1	0.762986564216174
WP_003513493.1	0.691463523301921
WP_003513490.1	0.726595070418698
WP_003513487.1	0.728811245994265
WP_003518458.1	0.746023080202282
WP_003518457.1	0.726866786186895
WP_003518456.1	0.680123990757112
WP_003518455.1	0.7138687279002
WP_003513475.1	0.662846319583428
WP_003513473.1	0.705498388054778
WP_003513471.1	0.735671321678794
WP_003513469.1	0.78446438002503
WP_003513467.1	0.725032829445371
WP_003513465.1	0.762281692147314
WP_003520733.1	0.763596252807548
WP_003513463.1	0.729987598990229
WP_003513460.1	0.74404779113766
WP_003513458.1	0.762878733781508
WP_003518145.1	0.727015433340936
WP_003518143.1	0.749433787031908
WP_003513455.1	0.726407735790524
WP_003513454.1	0.731306431944363
WP_003513453.1	0.723270442512443
WP_003513452.1	0.724968217570438
WP_003513451.1	0.730292947180028
WP_003518139.1	0.685393024152989
WP_003513449.1	0.703544682048168
WP_003513438.1	0.76322353402076
WP_003513436.1	0.733713584044958
WP_003513433.1	0.732560074458836
WP_003513430.1	0.746294795094756
WP_003513428.1	0.781236340611314
WP_003518136.1	0.739775582610851
WP_003518135.1	0.687373695098633
WP_003513424.1	0.710189628483052
WP_003513423.1	0.699957494668578
WP_003513422.1	0.755962848349103
WP_003513421.1	0.74047679080553
WP_003513420.1	0.758124170725871
WP_003513419.1	0.708624958329821
WP_003513418.1	0.711945925952523
WP_003518131.1	0.824706428787499
WP_003513415.1	0.66334165040665
WP_003513413.1	0.717700065985268
WP_003513411.1	0.75377462871463
WP_003518129.1	0.728954174713579
WP_003513407.1	0.775644216993668
WP_003513404.1	0.746861167078752
WP_003513402.1	0.724984542259111
WP_003513400.1	0.806249359820226
WP_003513399.1	0.717073449988142
WP_003520721.1	0.779213096615713
WP_003513389.1	0.755090369444609
WP_003513388.1	0.721908890684578
WP_003513387.1	0.739459284572875
WP_003518120.1	0.755510609640871
WP_003513385.1	0.767747191696916
WP_003518117.1	0.791556175219139
WP_003513382.1	0.693242501696082
WP_003513380.1	0.636599127487352
WP_003513378.1	0.68296568446874
WP_003513376.1	0.756105386873797
WP_003513374.1	0.711690358026523
WP_003513372.1	0.694744778505332
WP_003513371.1	0.722600812433869
WP_003513369.1	0.727455512868947
WP_003513368.1	0.789587472548974
WP_003513367.1	0.713809810829583
WP_003513366.1	0.724365742549599
WP_003513365.1	0.753189717026697
WP_003513364.1	0.731693980797263
WP_003513363.1	0.773537411597183
WP_003513362.1	0.748588150607119
WP_003513361.1	0.755250457588164
WP_003516470.1	0.74796133405037
WP_003516468.1	0.721377662654024
WP_003513356.1	0.778530656315744
WP_003513354.1	0.722495916695281
WP_003513352.1	0.765013738321923
WP_003513349.1	0.749770129704534
ADU73149.1	0.70448916447429
ADU73230.1	0.782115877408917
ADU73352.1	0.763483152127964
ADU73354.1	0.805580874470044
ADU73365.1	0.716404748860355
ADU73370.1	0.771403106813044
ADU73379.1	0.705961239340222
ADU73431.1	0.8412958677849
ADU73437.1	0.592611829097124
ADU73452.1	0.846433746282283
ADU73453.1	0.663298413446312
ADU73504.1	0.740875066130214
ADU73532.1	0.772761360195372
ADU73572.1	0.587622578585727
ADU73591.1	0.771526558882161
ADU73598.1	0.682637696573109
ADU73619.1	0.743076315399476
ADU73658.1	0.733229894965665
ADU73688.1	0.693589623132627
ADU73719.1	0.742724311926355
ADU73744.1	0.692622037838883
ADU73753.1	0.728469018003896
ADU73769.1	0.679340778364484
ADU73817.1	0.678029082725379
ADU73859.1	0.737910706358271
ADU73862.1	0.820153192219904
ADU73895.1	0.8479213725531
ADU73908.1	0.690079735878054
ADU73909.1	0.68721587450512
ADU73917.1	0.753285539866134
ADU73938.1	0.737008577077501
ADU73946.1	0.735076533209619
ADU73992.1	0.71932585848138
ADU74011.1	0.701043849086559
ADU74031.1	0.675235052021902
ADU74032.1	0.698455788721857
ADU74051.1	0.769238776738491
ADU74096.1	0.588120363830698
ADU74127.1	0.719720290131164
ADU74128.1	0.73272966888222
ADU74152.1	0.801925046137175
ADU74156.1	0.696091302590088
ADU74165.1	0.737761606834929
ADU74243.1	0.661456674225452
ADU74249.1	0.761787470667926
ADU74284.1	0.845884682149885
ADU74289.1	0.749979117617644
ADU74294.1	0.748655784388973
ADU74300.1	0.747997760335737
ADU74370.1	0.735556638919609
ADU74371.1	0.74688794690701
ADU74385.1	0.796338857848218
ADU74389.1	0.672263282033374
ADU74393.1	0.754832949037544
ADU74413.1	0.739624981367102
ADU74423.1	0.735373612975259
ADU74482.1	0.794727679303089
ADU74510.1	0.792774020660644
ADU74518.1	0.685114463238891
ADU74532.1	0.785929290413356
ADU74547.1	0.724312949729312
ADU74568.1	0.685923224282221
ADU74579.1	0.710388338969755
ADU74599.1	0.748478779909107
ADU74616.1	0.747023182899516
ADU74629.1	0.75216179462856
ADU74637.1	0.717093624089573
ADU74696.1	0.668984599155725
ADU74707.1	0.621844369390193
ADU74726.1	0.73639351659346
ADU74763.1	0.754411169231753
ADU74765.1	0.761126891346822
ADU74874.1	0.716294409364687
ADU74909.1	0.73209851495577
ADU74950.1	0.833374660351556
ADU74990.1	0.733425787740046
ADU74998.1	0.72168289411426
ADU74999.1	0.678976409802294
ADU75055.1	0.842838741382274
ADU75057.1	0.673300487208999
ADU75111.1	0.736251447916006
ADU75126.1	0.741516238565438
ADU75147.1	0.731479901809437
ADU75174.1	0.726460624830004
ADU75198.1	0.741550547300583
ADU75247.1	0.700332242482874
ADU75258.1	0.787054820486252
ADU75265.1	0.722414223151353
ADU75281.1	0.734137157898737
ADU75309.1	0.805113090572474
ADU75314.1	0.769871999272906
ADU75335.1	0.685533588590835
ADU75379.1	0.715396319440509
ADU75437.1	0.810105098362789
ADU75438.1	0.644971977835712
ADU75518.1	0.815292873009284
ADU75522.1	0.765089984255618
ADU75526.1	0.773677030200147
ADU75551.1	0.766869533010706
ADU75560.1	0.738440638564558
ADU75571.1	0.722386437627286
ADU75611.1	0.720993798956824
ADU75615.1	0.727268706951565
ADU75638.1	0.750656820678706
ADU75650.1	0.726705520042216
ADU75651.1	0.746761434638829
ADU75688.1	0.745678362955866
ADU75701.1	0.647787576091055
ADU75717.1	0.809352461251695
ADU75721.1	0.725388217166928
ADU75724.1	0.674200600305353
ADU75725.1	0.720210775052005
ADU75731.1	0.77144218212876
ADU75763.1	0.739750280996113
ADU75764.1	0.81403177142633
ADU75767.1	0.740968568530339
ADU75797.1	0.738198272201426
ADU75802.1	0.67785381484883
ADU75813.1	0.820714732951579
ADU75818.1	0.63523674684103
ADU75877.1	0.747634351702331
ADU75920.1	0.684090666641026
ADU75944.1	0.746820385191765
