Genes	hpt_T1	hpt_T2	hpt_T3
ADU73149.1	-0.221259736314	-1.09903252144	1.32029225776
ADU73379.1	-1.40184749713	0.862533451533	0.539314045597
ADU73504.1	0.190446873332	1.11836524626	-1.30881211959
ADU73598.1	-0.00735433776139	-1.22105114192	1.22840547969
ADU73719.1	0.544838920537	-1.40262427047	0.857785349932
ADU73753.1	-1.22502339182	0.00055723100759	1.22446616081
ADU73817.1	1.02803528465	0.327027891599	-1.35506317625
ADU73859.1	-0.289203057145	-1.05426092968	1.34346398682
ADU73917.1	0.661385259104	0.751863213941	-1.41324847304
ADU73938.1	1.41413676816	-0.719831640191	-0.694305127968
ADU73992.1	-1.1576438897	1.28231001759	-0.124666127885
ADU74011.1	-0.98396986838	-0.387703916252	1.37167378463
ADU74051.1	-1.35110514797	0.313770651609	1.03733449636
ADU74165.1	0.124574798818	1.15769655115	-1.28227134997
ADU74168.1	-0.275846831262	1.33914420893	-1.06329737767
ADU74249.1	-1.30531884101	0.181377082108	1.1239417589
ADU74289.1	1.33791832967	-0.272120523368	-1.0657978063
ADU74371.1	1.09016847524	0.235075695795	-1.32524417103
ADU74393.1	0.411348366169	0.96611692084	-1.37746528701
ADU74510.1	0.188643675975	1.11947805188	-1.30812172785
ADU74579.1	-0.682468745897	-0.731461906599	1.4139306525
ADU74599.1	1.36248365703	-1.00946235385	-0.353021303172
ADU74708.1	-0.262290510484	1.3346413151	-1.07235080461
ADU74726.1	0.623696321755	0.787357085504	-1.41105340726
ADU74909.1	1.41245334349	-0.767314021942	-0.645139321545
ADU74998.1	0.729718291382	0.684251626067	-1.41396991745
ADU75147.1	0.499788834684	0.895818609792	-1.39560744448
ADU75314.1	0.619122414569	0.791581643046	-1.41070405761
ADU75522.1	1.34372444622	-0.290020031261	-1.05370441496
ADU75526.1	0.741244912978	0.67241013372	-1.4136550467
ADU75560.1	-0.486670559678	-0.90660551201	1.39327607169
ADU75615.1	0.667204847687	-1.41347661486	0.74627176717
ADU75721.1	1.29878147375	-0.164751682968	-1.13402979079
ADU75724.1	1.15671474929	0.126276034718	-1.282990784
ADU75731.1	0.557691924659	0.846647168648	-1.40433909331
ADU75877.1	0.121792648624	1.15929829666	-1.28109094529
ADU75920.1	-0.834457441361	-0.571589050154	1.40604649151
WP_003511511.1	0.659220937572	0.753935015538	-1.41315595311
WP_003511531.1	-0.39987530776	-0.974828196697	1.37470350446
WP_003511544.1	0.495791135382	-1.39491054691	0.89911941153
WP_003511546.1	0.580836681852	0.826260467757	-1.40709714961
WP_003511547.1	0.167222369547	-1.29976393396	1.13254156441
WP_003511548.1	0.950546006091	0.431560343126	-1.38210634922
WP_003511549.1	-0.287062709875	1.34277955712	-1.05571684725
WP_003511555.1	1.09223474704	0.231871985675	-1.32410673271
WP_003511558.1	0.126186437447	1.15676650159	-1.28295293904
WP_003511560.1	1.32935089867	-1.08255059953	-0.246800299148
WP_003511564.1	1.13125929118	-1.3006053677	0.169346076522
WP_003511571.1	-0.439726794849	-0.944172795921	1.38389959077
WP_003511573.1	0.58479606222	-1.40752590459	0.822729842368
WP_003511577.1	-0.837112453382	-0.568577024341	1.40568947772
WP_003511583.1	-1.32388899203	0.23126079237	1.09262819966
WP_003511587.1	-0.605242643397	-0.804293764006	1.4095364074
WP_003511591.1	-0.359024612593	1.36413291884	-1.00510830625
WP_003511596.1	-0.603642366485	1.40939146094	-0.805749094455
WP_003511598.1	-1.41251836144	0.766208400397	0.646309961046
WP_003511600.1	1.36472430112	-1.00352517216	-0.361199128959
WP_003511604.1	1.11696566126	-1.30967573773	0.192710076469
WP_003511606.1	0.848995633193	-1.40398993556	0.554994302369
WP_003511607.1	0.261875034144	-1.33450143306	1.07262639892
WP_003511610.1	-0.610865494114	-0.799163337979	1.41002883209
WP_003511613.1	0.962356095518	0.416264462413	-1.37862055793
WP_003511615.1	0.616909487154	0.793619216507	-1.41052870366
WP_003511616.1	1.13098733623	-1.30078322602	0.169795889783
WP_003511628.1	1.29912275002	-0.165608835709	-1.13351391431
WP_003511639.1	1.02853325544	0.326322158102	-1.35485541354
WP_003511651.1	-1.34912652663	0.307285151587	1.04184137504
WP_003511653.1	-0.788583598716	1.41095395115	-0.622370352429
WP_003511658.1	-1.41372159102	0.739163230741	0.674558360275
WP_003511665.1	-1.41064777183	0.618406408486	0.79224136334
WP_003511674.1	-0.604753400289	-0.804738918763	1.40949231905
WP_003511675.1	0.336697642396	-1.35787646829	1.0211788259
WP_003511677.1	-0.999478719427	-0.366737251084	1.36621597051
WP_003511680.1	1.04746440141	0.299137014811	-1.34660141622
WP_003511686.1	0.111727191887	-1.27678037277	1.16505318089
WP_003511688.1	0.417486799347	0.961418375159	-1.37890517451
WP_003511692.1	1.39346507959	-0.90575718898	-0.487707890613
WP_003511705.1	-1.04592650589	-0.301371817397	1.34729832329
WP_003511707.1	-0.500270823061	1.39569066017	-0.895419837113
WP_003511713.1	-1.2023155076	-0.0436895654416	1.24600507304
WP_003511715.1	-1.12291621241	1.30596759905	-0.183051386639
WP_003511731.1	1.38477750734	-0.443805887474	-0.940971619869
WP_003511737.1	1.24588825695	-1.20244549896	-0.0434427579918
WP_003511746.1	1.11792018304	0.191167129872	-1.30908731291
WP_003511753.1	0.772748872561	0.639366459349	-1.41211533191
WP_003511777.1	-1.38446620972	0.942113047244	0.442353162477
WP_003511787.1	0.952678633935	-1.38149265499	0.428814021055
WP_003511862.1	0.226734274498	1.09553471012	-1.32226898462
WP_003511911.1	0.911519589926	-1.39216196705	0.480642377122
WP_003511913.1	-1.4098926216	0.800612901969	0.609279719633
WP_003511915.1	1.36644940802	-0.998838410119	-0.367610997906
WP_003511918.1	1.15066314886	0.136694224537	-1.2873573734
WP_003511963.1	0.3439935314	-1.3599577658	1.0159642344
WP_003511964.1	-1.36747919706	0.371488923249	0.995990273808
WP_003511976.1	1.13071215853	0.170250820452	-1.30096297898
WP_003511984.1	0.662293759749	0.750992312581	-1.41328607233
WP_003511986.1	1.07483995322	-1.33337180067	0.258531847454
WP_003512010.1	-1.32719893941	1.08657373774	0.240625201671
WP_003512012.1	-1.19187805571	1.25515828215	-0.0632802264427
WP_003512015.1	-0.228981837278	-1.09409316559	1.32307500287
WP_003512019.1	-0.674279469037	-0.739433717795	1.41371318683
WP_003512022.1	-0.837927176892	-0.567651095546	1.40557827244
WP_003512025.1	1.39949880061	-0.875966114362	-0.523532686251
WP_003512026.1	0.119220489092	-1.27999537074	1.16077488165
WP_003512034.1	0.0881525868979	-1.26643951323	1.17828692633
WP_003512035.1	-1.2915650666	0.146888998502	1.14467606809
WP_003512036.1	1.21842943781	-1.23096408868	0.0125346508696
WP_003512048.1	1.01301953269	-1.36111117624	0.348091643554
WP_003512050.1	-1.17301338688	1.27063365216	-0.0976202652768
WP_003512055.1	0.413815451669	-1.37804716201	0.964231710343
WP_003512057.1	1.11924130339	-1.30826888591	0.189027582514
WP_003512062.1	-1.04554076945	-0.301931606637	1.34747237609
WP_003512064.1	-0.898884802336	1.39496055758	-0.496075755239
WP_003512072.1	-0.641580404088	-0.770667968853	1.41224837294
WP_003512074.1	1.32451027312	-1.09150378512	-0.233006488002
WP_003512076.1	-1.41237371511	0.768639773036	0.643733942073
WP_003512078.1	0.9143573607	0.47714618965	-1.39150355035
WP_003512093.1	-1.39558117745	0.49963690375	0.895944273696
WP_003512095.1	-1.23284827305	1.21647734393	0.0163709291206
WP_003512097.1	-1.19542836703	1.2520942447	-0.0566658776766
WP_003512101.1	1.03097157265	0.322859734499	-1.35383130715
WP_003512104.1	1.24038105393	-1.20848563215	-0.0318954217787
WP_003512106.1	-0.327804506749	-1.02748691647	1.35529142322
WP_003512109.1	-1.37050747353	0.383124710098	0.987382763429
WP_003512112.1	0.287147639319	1.05565913308	-1.34280677239
WP_003512113.1	1.22933124088	-1.22010638975	-0.00922485113288
WP_003512117.1	1.40852403993	-0.81401183414	-0.594512205787
WP_003512119.1	1.3668655803	-0.369173559509	-0.997692020791
WP_003512125.1	-0.975144276817	-0.399456739106	1.37460101592
WP_003512126.1	-0.832301825779	-0.574028491614	1.40633031739
WP_003512127.1	0.0470175914175	1.20055901678	-1.2475766082
WP_003512148.1	0.272364308331	-1.33799880518	1.06563449685
WP_003512157.1	-0.221363620049	-1.09896632509	1.32032994514
WP_003512164.1	1.37821814854	-0.414543870206	-0.963674278331
WP_003512173.1	1.41421356237	-0.707106781187	-0.707106781187
WP_003512174.1	1.29422917093	-0.153426283164	-1.14080288777
WP_003512175.1	-0.908577739307	-0.484255145685	1.39283288499
WP_003512177.1	-0.629667197414	-0.781815577363	1.41148277478
WP_003512178.1	-0.457569150968	1.38765163173	-0.930082480766
WP_003512179.1	0.285488192066	-1.34227415783	1.05678596576
WP_003512183.1	0.0589080834431	1.19422785251	-1.25313593596
WP_003512188.1	-1.41380922988	0.677619872685	0.736189357195
WP_003512190.1	-0.645333910963	-0.767130322695	1.41246423366
WP_003512194.1	-1.37460165632	0.399459352975	0.975142303343
WP_003512197.1	1.3214345358	-0.224416825886	-1.09701770991
WP_003512200.1	0.336792535661	-1.35790376715	1.02111123149
WP_003512202.1	-0.795786548352	1.41033726132	-0.614550712964
WP_003512204.1	0.553946798454	0.849906012405	-1.40385281086
WP_003512219.1	-1.41159568798	0.780284153148	0.631311534835
WP_003512220.1	-1.41367931864	0.673178286355	0.740501032289
WP_003512222.1	1.2890480493	-1.1482762901	-0.140771759208
WP_003512224.1	-1.38823807725	0.46046056853	0.927777508724
WP_003512240.1	-0.683613429088	-0.730342766488	1.41395619558
WP_003512242.1	-1.41257712781	0.647387006229	0.765190121579
WP_003512244.1	-0.177224561716	1.30370223269	-1.12647767097
WP_003512248.1	-1.28736345534	1.15065460702	0.136708848318
WP_003512250.1	-1.12093913178	1.30721021507	-0.186271083287
WP_003512252.1	1.20997781436	0.0290184007961	-1.23899621516
WP_003512254.1	0.834078620693	0.5720181404	-1.40609676109
WP_003512257.1	-0.54761363992	-0.855391779061	1.40300541898
WP_003512259.1	0.998282209476	0.368369398185	-1.36665160766
WP_003512262.1	-1.17840526314	-0.0879389908735	1.26634425402
WP_003512264.1	-0.509613616111	1.3972692677	-0.887655651593
WP_003512265.1	-1.20269387315	-0.0429709862036	1.24566485935
WP_003512267.1	0.525096820086	-1.39974012526	0.874643305171
WP_003512274.1	-1.21042889526	1.23857565353	-0.0281467582697
WP_003512282.1	-0.537795777687	-0.863834107759	1.40162988545
WP_003512284.1	-1.30635694647	1.12229854988	0.184058396584
WP_003512286.1	-1.32084769883	1.09805499248	0.222792706348
WP_003512291.1	-0.162346124317	-1.13547512115	1.29782124546
WP_003512298.1	1.40135425608	-0.865463919744	-0.535890336339
WP_003512309.1	1.14047209015	0.153982539802	-1.29445462996
WP_003512313.1	0.686744303192	-1.41401994453	0.727275641343
WP_003512315.1	-1.41246484864	0.645344917259	0.767119931381
WP_003512317.1	-0.853112472169	-0.550249441813	1.40336191398
WP_003512336.1	0.869574631159	-1.40064443267	0.531069801511
WP_003512340.1	-1.40993182117	0.800198230429	0.609733590739
WP_003512350.1	-0.398174451959	1.37428628544	-0.97611183348
WP_003512352.1	-0.0593414348298	-1.19399547301	1.25333690784
WP_003512354.1	1.40171249364	-0.863341827328	-0.538370666316
WP_003512363.1	-0.640961703741	-0.771249916567	1.41221162031
WP_003512370.1	0.205296604748	-1.31441972391	1.10912311917
WP_003512371.1	0.440707422924	0.943404307	-1.38411172992
WP_003512380.1	-0.413693060762	-0.964325335148	1.37801839591
WP_003512382.1	-0.997854261026	-0.36895255891	1.36680681994
WP_003512384.1	0.328150472857	1.02724250052	-1.35539297338
WP_003512386.1	-0.505554702483	-0.891036808532	1.39659151101
WP_003512399.1	-1.4031472656	0.548657599392	0.854489666211
WP_003512401.1	-0.408566136866	-0.96823784134	1.37680397821
WP_003512405.1	0.390838302199	0.981625481083	-1.37246378328
WP_003512411.1	-0.839355731179	-0.566025673718	1.4053814049
WP_003512414.1	-0.447174199198	-0.938319276439	1.38549347564
WP_003512416.1	-0.965206022538	-0.412541111508	1.37774713405
WP_003512418.1	-1.37232448474	0.390283666887	0.982040817856
WP_003512420.1	0.255649358225	1.07674269311	-1.33239205134
WP_003512422.1	-0.0225744798377	-1.21330158685	1.23587606669
WP_003512427.1	1.36717477948	-0.370338540166	-0.996836239317
WP_003512440.1	-1.35849077002	0.338838098333	1.01965267169
WP_003512448.1	1.00549900601	-1.36398629488	0.358487288877
WP_003512461.1	0.27089931563	1.06661530324	-1.33751461887
WP_003512475.1	-0.191948185125	1.30938536689	-1.11743718177
WP_003512494.1	-0.916708498101	1.39094963137	-0.474241133274
WP_003512502.1	-1.21559756148	1.23369168404	-0.0180941225592
WP_003512521.1	0.134933851832	1.15169042313	-1.28662427496
WP_003512523.1	0.241908428055	1.08573971333	-1.32764814139
WP_003512565.1	0.445301179705	0.939795169964	-1.38509634967
WP_003512571.1	0.143206220282	1.14684630771	-1.29005252799
WP_003512574.1	0.832313807015	0.574014947733	-1.40632875475
WP_003512576.1	0.324266444326	-1.35424834027	1.02998189594
WP_003512577.1	-1.26541683702	0.0858627625549	1.17955407447
WP_003512581.1	-1.01410105485	1.36068937841	-0.346588323566
WP_003512582.1	-1.07395308347	-0.259872616434	1.33382569991
WP_003512583.1	-0.294769790006	-1.05046028622	1.34523007622
WP_003512584.1	-0.550813559133	-0.852623945771	1.4034375049
WP_003512586.1	-0.303899251345	1.34808253374	-1.0441832824
WP_003512590.1	-1.38858513403	0.926399210974	0.462185923052
WP_003512592.1	-0.537123035958	-0.864409855526	1.40153289148
WP_003512596.1	1.0944508321	0.228424654589	-1.32287548669
WP_003512598.1	-0.0125840803805	1.23098842325	-1.21840434287
WP_003512606.1	-0.95939937088	-0.420113981585	1.37951335247
WP_003512622.1	1.31592650295	-0.209350858499	-1.10657564445
WP_003512623.1	1.37566532532	-0.40382793641	-0.971837388911
WP_003512626.1	-1.40824022364	0.591671882017	0.816568341626
WP_003512627.1	-1.00517841538	-0.358928212294	1.36410662768
WP_003512628.1	-0.979095435819	-0.394210787379	1.3733062232
WP_003512630.1	1.40843992168	-0.593663458214	-0.814776463461
WP_003512634.1	1.38183845981	-0.951479881661	-0.430358578148
WP_003512636.1	0.680751483035	0.733138610394	-1.41389009343
WP_003512648.1	-0.414778350982	-0.963494759691	1.37827311067
WP_003512650.1	1.41344385403	-0.666319530786	-0.747124323248
WP_003512652.1	1.14702700366	0.14289894199	-1.28992594565
WP_003512659.1	-0.431682413178	-0.950451089799	1.38213350298
WP_003512660.1	-1.21223222616	-0.0246530779895	1.23688530415
WP_003512661.1	1.0714959829	-1.33507412575	0.263578142843
WP_003512674.1	-0.562383831477	-0.842548854888	1.40493268637
WP_003512676.1	-0.695046568475	-0.719098814136	1.41414538261
WP_003512678.1	0.0721858909441	-1.25924130028	1.18705540933
WP_003512682.1	-0.968933988371	1.37658536897	-0.407651380603
WP_003512683.1	-0.460592398604	-0.927672272532	1.38826467114
WP_003512684.1	-1.38921281137	0.9238787842	0.465334027166
WP_003512687.1	-1.14755439212	-0.14200153221	1.28955592433
WP_003512688.1	0.208106235228	-1.31546504018	1.10735880496
WP_003512697.1	-1.3180718229	1.10289963182	0.215172191086
WP_003512699.1	-1.04300693061	-0.30560136906	1.34860829967
WP_003512702.1	0.294368111841	1.05073520724	-1.34510331908
WP_003512704.1	0.58405605883	-1.4074467356	0.82339067677
WP_003512705.1	-1.08934362488	-0.236351778883	1.32569540376
WP_003512710.1	-1.20354572664	-0.041350968382	1.24489669503
WP_003512712.1	1.36842620411	-0.993336528759	-0.375089675347
WP_003512715.1	-1.40973853196	0.802224048299	0.607514483656
WP_003512755.1	0.960364156654	0.418859363967	-1.37922352062
WP_003512770.1	-0.836014445054	1.40583812189	-0.56982367684
WP_003512777.1	0.661118318897	-1.41323728628	0.75211896738
WP_003512781.1	0.743318824884	0.670265653688	-1.41358447857
WP_003512783.1	0.681402883711	0.732502910797	-1.41390579451
WP_003512787.1	0.179791243583	-1.30470273881	1.12491149522
WP_003512791.1	0.883667539394	0.514382084526	-1.39804962392
WP_003512794.1	-1.34934110023	0.307984108557	1.04135699167
WP_003512797.1	1.35336015101	-1.03208438926	-0.321275761754
WP_003512799.1	1.11532031982	-1.31068435484	0.195364035011
WP_003512801.1	1.25796372896	-0.0693878666058	-1.18857586236
WP_003512804.1	0.349334251959	1.01212442493	-1.36145867689
WP_003512807.1	0.889006838372	-1.39700020711	0.507993368733
WP_003512826.1	-1.11101306125	-0.202278058361	1.31329111961
WP_003512828.1	-0.72446159807	1.4140703993	-0.689608801232
WP_003512846.1	1.37709941323	-0.967293145213	-0.409806268016
WP_003512850.1	-1.32183141581	0.225517865556	1.09631355026
WP_003512852.1	-0.206586558676	-1.10831370947	1.31490026815
WP_003512860.1	-1.18457258009	1.26130860049	-0.0767360204018
WP_003512864.1	1.34536222934	-1.05017330518	-0.295188924169
WP_003512867.1	-0.731835663922	-0.682086185569	1.41392184949
WP_003512903.1	1.35562785958	-1.02667612286	-0.32895173672
WP_003512910.1	-0.323794364422	1.35410853393	-1.03031416951
WP_003512912.1	-1.18273314543	1.26282523117	-0.0800920857401
WP_003512915.1	-0.420566438172	-0.959051165644	1.37961760382
WP_003512917.1	1.34550427879	-0.295639852643	-1.04986442615
WP_003512919.1	0.0305720922115	1.20917261403	-1.23974470624
WP_003512921.1	-0.381714008188	-0.988431260905	1.37014526909
WP_003512928.1	1.25281228416	-1.19460156224	-0.058210721925
WP_003512930.1	1.34641522478	-1.04787350603	-0.298541718759
WP_003512944.1	-0.931716015967	1.38723141176	-0.455515395797
WP_003512947.1	1.17257063257	0.0984106627718	-1.27098129534
WP_003512950.1	0.106099973046	-1.27434319325	1.1682432202
WP_003512952.1	-1.13089373653	-0.169950655187	1.30084439172
WP_003512963.1	-1.39336991485	0.487185052184	0.906184862665
WP_003512965.1	-1.1563344634	1.28326861205	-0.126934148654
WP_003512967.1	-1.40263868333	0.857695628288	0.544943055042
WP_003512977.1	1.09942655093	0.220641152264	-1.3200677032
WP_003512981.1	0.811984389036	-1.40874391552	0.596759526484
WP_003512983.1	1.06203087394	-1.33976003021	0.277729156279
WP_003512988.1	1.39607634764	-0.893558310041	-0.502518037601
WP_003513001.1	0.811923550615	-1.40875044246	0.596826891844
WP_003513007.1	-0.179530636589	-1.12507070475	1.30460134134
WP_003513010.1	-1.38540535115	0.938647811225	0.446757539927
WP_003513015.1	-0.972812144792	-0.402541281619	1.37535342641
WP_003513023.1	-1.14108148951	-0.152957545307	1.29403903482
WP_003513025.1	-1.40886403902	0.810858471429	0.598005567591
WP_003513026.1	-1.26891103546	1.17519444556	0.0937165898934
WP_003513028.1	1.30536158312	-0.181487250661	-1.12387433246
WP_003513046.1	-1.35106240423	0.313629578871	1.03743282536
WP_003513047.1	1.41121297295	-0.625866542082	-0.785346430868
WP_003513065.1	-0.988076317186	-0.382191773309	1.3702680905
WP_003513072.1	0.831078858758	-1.40648894772	0.575410088959
WP_003513078.1	-1.062012661	1.3397688611	-0.277756200098
WP_003513085.1	-1.38252384652	0.949081356871	0.433442489652
WP_003513089.1	-1.35021793302	1.03936663631	0.310851296707
WP_003513095.1	-1.40560461831	0.837734672714	0.567869945598
WP_003513096.1	-1.39297137839	0.907963948671	0.485007429724
WP_003513101.1	-1.41303903074	0.756424657476	0.656614373262
WP_003513117.1	0.769882827706	0.64241457299	-1.4122974007
WP_003513126.1	-1.36658932052	0.998453702297	0.368135618224
WP_003513128.1	-0.596457649007	1.40871462122	-0.812256972212
WP_003513130.1	-1.3705143342	0.383151482249	0.987362851949
WP_003513132.1	-1.39716120717	0.508961456623	0.888199750542
WP_003513133.1	1.34057053975	-0.280217364281	-1.06035317547
WP_003513139.1	0.974665323288	0.400090929819	-1.37475625311
WP_003513141.1	0.947988727993	0.434844471386	-1.38283319938
WP_003513162.1	0.322878542189	-1.35383689154	1.03095834935
WP_003513166.1	-1.28758062871	0.137231242362	1.15034938635
WP_003513175.1	0.90084038976	0.493701060115	-1.39454144987
WP_003513182.1	-1.06069947766	-0.279704249235	1.34040372689
WP_003513185.1	-0.683869027625	-0.730092708226	1.41396173585
WP_003513187.1	-1.35249440489	0.318379680084	1.0341147248
WP_003513190.1	-1.41029704961	0.796234604377	0.614062445236
WP_003513195.1	0.639023618597	0.773070732735	-1.41209435133
WP_003513200.1	0.212219920153	1.10476659396	-1.31698651411
WP_003513203.1	0.192559686627	-1.30961845035	1.11705876372
WP_003513207.1	-0.105527918454	1.27409433788	-1.16856641943
WP_003513209.1	-0.920285716923	-0.469806414037	1.39009213096
WP_003513219.1	0.796392752723	-1.41028280427	0.613890051547
WP_003513220.1	1.39527670218	-0.497883017565	-0.897393684612
WP_003513222.1	1.17237674794	0.0987565659182	-1.27113331385
WP_003513231.1	-1.4140916181	0.690962534537	0.72312908356
WP_003513238.1	-1.34302495397	0.287829040062	1.0551959139
WP_003513250.1	0.853757416057	0.549504262888	-1.40326167894
WP_003513251.1	-0.129196355029	-1.15502521779	1.28422157282
WP_003513253.1	0.901353926787	-1.39443054564	0.493076618851
WP_003513261.1	1.31594149581	-1.10655015526	-0.209391340547
WP_003513265.1	1.33225051106	-0.255234233684	-1.07701627738
WP_003513279.1	-0.274226580751	-1.06438570538	1.33861228613
WP_003513282.1	-0.956396045849	-0.42401035246	1.38040639831
WP_003513296.1	1.08364118522	0.245130064207	-1.32877124943
WP_003513301.1	1.33762455043	-0.271231564449	-1.06639298598
WP_003513303.1	-1.2715041157	0.0996009944265	1.17190312128
WP_003513304.1	-1.30047418895	0.169014523413	1.13145966554
WP_003513306.1	0.508696856347	0.888420416019	-1.39711727237
WP_003513308.1	1.37414462815	-0.976545811476	-0.397598816672
WP_003513331.1	-1.29154587785	1.14470372977	0.146842148079
WP_003513333.1	-1.09641476537	-0.225359677562	1.32177444294
WP_003513335.1	1.30552032972	-0.181896594907	-1.12362373482
WP_003513337.1	0.647796542256	0.764802665714	-1.41259920797
WP_003513339.1	0.233843787959	-1.3248075724	1.09096378444
WP_003513352.1	0.198688581389	1.11325297787	-1.31194155925
WP_003513356.1	1.41264578132	-0.76397635884	-0.648669422478
WP_003513361.1	-0.915259050379	-0.476032968983	1.39129201936
WP_003513362.1	-1.39824712088	0.515605872699	0.882641248181
WP_003513364.1	0.937214933812	0.448573608934	-1.38578854275
WP_003513366.1	0.890544828983	0.506146226633	-1.39669105562
WP_003513368.1	-0.705518336272	-0.708694037563	1.41421237383
WP_003513369.1	-1.27998925904	1.1607830919	0.119206167139
WP_003513371.1	1.39184831791	-0.912877368071	-0.47897094984
WP_003513372.1	-0.348471001806	-1.01274637372	1.36121737552
WP_003513385.1	1.41366218049	-0.672634166703	-0.741028013792
WP_003513387.1	0.0364698384355	1.20610264174	-1.24257248017
WP_003513388.1	-0.643186037359	-0.769156169269	1.41234220663
WP_003513389.1	-0.247043822218	1.32943526307	-1.08239144085
WP_003513399.1	0.205681840896	-1.31456334545	1.10888150455
WP_003513400.1	0.117865087238	-1.2794164091	1.16155132187
WP_003513402.1	1.18829544839	-1.25820001543	0.0699045670391
WP_003513404.1	1.41390954571	-0.681560927097	-0.732348618618
WP_003513413.1	0.105269524685	-1.27398186509	1.1687123404
WP_003513418.1	0.266228254021	-1.33596153528	1.06973328125
WP_003513419.1	1.36514757088	-1.0023847957	-0.362762775187
WP_003513420.1	-0.978690184503	1.37344019012	-0.394750005613
WP_003513421.1	-1.22933130578	0.00922498241505	1.22010632337
WP_003513422.1	-1.29773291031	1.1356076288	0.162125281509
WP_003513423.1	-1.37308371755	0.979766735707	0.393316981842
WP_003513424.1	1.04957605577	0.296060665454	-1.34563672123
WP_003513428.1	-0.398145633708	-0.976133565349	1.37427919906
WP_003513430.1	-1.3553355352	1.02738077889	0.327954756316
WP_003513436.1	1.20991821715	0.029133495748	-1.2390517129
WP_003513438.1	-0.487303620914	1.39339151395	-0.906087893034
WP_003513449.1	-1.21405049283	1.23516619449	-0.0211157016634
WP_003513451.1	0.304373301696	1.04385585254	-1.34822915424
WP_003513452.1	0.90946469803	-1.39263184911	0.48316715108
WP_003513487.1	1.4113090102	-0.627199688124	-0.784109322071
WP_003513490.1	-1.3501405665	0.310597598365	1.03954296813
WP_003513493.1	0.199366682439	1.11283045023	-1.31219713267
WP_003513498.1	0.839993350691	0.565299411167	-1.40529276186
WP_003513509.1	-0.696576574879	-0.717584972614	1.41416154749
WP_003513513.1	0.029872647445	-1.23940793168	1.20953528424
WP_003513515.1	-0.805216353605	-0.604228437508	1.40944479111
WP_003513521.1	1.39251048143	-0.482512593303	-0.90999788813
WP_003513523.1	0.652636131153	-1.41284904085	0.7602129097
WP_003513527.1	1.38805138791	-0.928514517536	-0.459536870377
WP_003513529.1	-1.40927846295	0.80686770308	0.602410759866
WP_003513533.1	1.41386884039	-0.679894142343	-0.733974698049
WP_003513534.1	-0.607269482529	-0.802447458074	1.4097169406
WP_003513535.1	1.29516898586	-1.13942082094	-0.155748164926
WP_003513536.1	-1.00040586119	-0.36547084438	1.36587670557
WP_003513547.1	0.183998469269	1.1223353249	-1.30633379417
WP_003513548.1	1.36541537687	-0.363755283759	-1.00166009311
WP_003513564.1	1.03800912804	-1.35081150531	0.312802377277
WP_003513565.1	1.29832603343	-0.163609586927	-1.13471644651
WP_003513566.1	-1.1855377631	1.26050772212	-0.074969959018
WP_003513572.1	1.06595775649	0.271881697285	-1.33783945377
WP_003513575.1	-0.343102308998	1.35970543916	-1.01660313017
WP_003513578.1	0.725926714655	0.688118372945	-1.4140450876
WP_003513581.1	-0.861897078134	1.40195320951	-0.540056131379
WP_003513583.1	0.322673048334	1.03110281513	-1.35377586347
WP_003513585.1	0.810644679617	-1.40888668879	0.598242009178
WP_003513587.1	1.11553289754	-1.31055444408	0.195021546545
WP_003513588.1	-1.27830885696	0.115279586873	1.16302927008
WP_003513590.1	-1.41016413305	0.797698687022	0.612465446029
WP_003513592.1	1.40832899528	-0.592553204381	-0.815775790902
WP_003513594.1	1.15851900589	0.123147277171	-1.28166628306
WP_003513600.1	0.926911558071	-1.38845643992	0.461544881849
WP_003513604.1	1.2570334788	-1.18967636454	-0.0673571142551
WP_003513605.1	0.727038911838	-1.41402448471	0.686985572868
WP_003513610.1	1.32283694769	-0.228317091513	-1.09451985617
WP_003513611.1	0.932420925441	0.454627966837	-1.38704889228
WP_003513613.1	1.17061137157	0.101900078572	-1.27251145014
WP_003513615.1	-0.966173669205	-0.411274015783	1.37744768499
WP_003513619.1	-0.00519174570471	1.2273324912	-1.2221407455
WP_003513620.1	-1.01614924586	1.35988477349	-0.343735527627
WP_003513622.1	0.428048468514	-1.38132063254	0.95327216403
WP_003513624.1	1.01972161396	0.338741498291	-1.35846311225
WP_003513630.1	-0.916276504533	-0.474775476559	1.39105198109
WP_003513635.1	1.02075044815	-1.35804933124	0.337298883087
WP_003513639.1	-0.347836371765	-1.01320328804	1.36103965981
WP_003513649.1	-1.35429803096	1.02986367707	0.324434353887
WP_003513674.1	1.05925964769	-1.34109562663	0.281835978942
WP_003513680.1	-1.40018385836	0.528005113591	0.872178744766
WP_003513683.1	-0.477770528964	1.39162178739	-0.913851258423
WP_003513685.1	1.39176281978	-0.478517222153	-0.913245597626
WP_003513691.1	1.14404707808	-1.29200076948	0.147953691396
WP_003513693.1	0.97689324397	0.397137757063	-1.37403100103
WP_003513713.1	0.844897810274	0.559697096049	-1.40459490632
WP_003513744.1	-1.39729984808	0.509798525003	0.887501323077
WP_003513756.1	1.10242103749	0.215927599239	-1.31834863673
WP_003513758.1	-0.321348845639	1.35338192659	-1.03203308095
WP_003513763.1	-1.18397045496	-0.0778359959334	1.26180645089
WP_003513765.1	-1.39180611874	0.913059214871	0.478746903873
WP_003513767.1	0.387296389656	0.984274183735	-1.37157057339
WP_003513773.1	-1.37780116558	0.965030916328	0.412770249249
WP_003513777.1	-1.41420946059	0.710054507032	0.704154953558
WP_003513780.1	1.11291891453	0.199224747456	-1.31214366198
WP_003513782.1	-1.17620559358	-0.091901101165	1.26810669474
WP_003513783.1	1.32379302334	-1.09280140085	-0.230991622483
WP_003513786.1	-0.943348093273	-0.440779119937	1.38412721321
WP_003513792.1	-1.13347391702	-0.165675261199	1.29914917822
WP_003513794.1	-0.793258639751	1.41056006102	-0.617301421273
WP_003513808.1	-1.03120081157	-0.322533631625	1.35373444319
WP_003513811.1	1.22385182354	-1.22563596996	0.00178414642009
WP_003513814.1	-1.35493614355	0.326596250194	1.02833989335
WP_003513817.1	-0.819026580807	-0.588933801308	1.40796038212
WP_003513819.1	0.889393557221	0.507529205745	-1.39692276297
WP_003513825.1	-0.816770512631	-0.591446953244	1.40821746587
WP_003513826.1	1.41411015198	-0.721865833994	-0.692244317985
WP_003513827.1	0.922945832247	-1.38944287418	0.466497041932
WP_003513828.1	-1.02390987478	-0.332856536398	1.35676641118
WP_003513829.1	-1.40906758408	0.808919651321	0.600147932761
WP_003513857.1	1.41338546949	-0.664786458694	-0.748599010797
WP_003513862.1	0.959243948441	-1.37955990849	0.420315960047
WP_003513878.1	-1.16948195296	-0.103905501235	1.2733874542
WP_003513882.1	1.39066627841	-0.917898807193	-0.472767471218
WP_003513884.1	-0.418045743959	-0.960989229226	1.37903497319
WP_003513891.1	1.34788308162	-1.04462792944	-0.303255152175
WP_003513902.1	1.32824868173	-1.08461997652	-0.243628705213
WP_003513904.1	-0.72554153363	-0.688510409766	1.4140519434
WP_003513908.1	0.851983370439	0.551552816259	-1.4035361867
WP_003513911.1	0.431681115598	0.950452098796	-1.38213321439
WP_003513913.1	-0.977265503804	1.3739090372	-0.396643533394
WP_003513915.1	0.989726905311	-1.36969514486	0.379968239544
WP_003513925.1	1.11428308056	0.197033447554	-1.31131652812
WP_003513929.1	0.91556607586	-1.39121973667	0.475653660808
WP_003513930.1	1.31270535191	-0.200717411411	-1.1119879405
WP_003513932.1	1.07882124562	-1.33131247279	0.252491227174
WP_003513934.1	-0.751900468183	1.41324684763	-0.661346379448
WP_003513937.1	-0.49131312767	1.39411577423	-0.902802646557
WP_003513950.1	0.120092183526	-1.28036711534	1.16027493182
WP_003513951.1	-0.677907062726	-0.735909953331	1.41381701606
WP_003513954.1	-0.598232500419	-0.810653278378	1.4088857788
WP_003513956.1	1.26177754769	-1.18400545693	-0.0777720907624
WP_003513957.1	1.21341763264	-1.23576623548	0.0223486028475
WP_003513961.1	1.23874562639	-0.0284989224057	-1.21024670399
WP_003513964.1	0.297345679238	-1.34604043576	1.04869475652
WP_003513973.1	-0.957969381836	1.37994029337	-0.421970911539
WP_003513989.1	-1.40630614797	0.573819151003	0.832486996968
WP_003513992.1	-0.775882073514	-0.636024419692	1.41190649321
WP_003513995.1	0.677443228287	0.736361175383	-1.41380440367
WP_003514024.1	-1.00166509211	-0.363748440576	1.36541353268
WP_003514104.1	-1.39032016057	0.47097848352	0.919341677053
WP_003514117.1	1.35413610277	-1.03024868701	-0.323887415755
WP_003514120.1	-1.3924339385	0.910333281523	0.482100656979
WP_003514124.1	0.380935382479	-1.3699447685	0.989009386021
WP_003514134.1	-1.1559054232	1.28358150173	-0.127676078537
WP_003514141.1	1.00047518586	0.36537609219	-1.36585127805
WP_003514144.1	1.19793836374	0.0519591993662	-1.24989756311
WP_003514151.1	0.707440181343	-1.41421350997	0.706773328623
WP_003514158.1	1.37561831614	-0.9719846078	-0.403633708338
WP_003514163.1	1.36198385665	-0.351219308696	-1.01076454796
WP_003514166.1	1.39383540654	-0.489753168183	-0.904082238361
WP_003514175.1	0.664193501753	0.74916882435	-1.4133623261
WP_003514180.1	1.1184255788	-1.30877477384	0.190349195041
WP_003514181.1	-1.1458773898	-0.144852190853	1.29072958065
WP_003514187.1	-1.40651551713	0.575642810148	0.83087270698
WP_003514192.1	-1.08320807287	-0.245793704965	1.32900177783
WP_003514194.1	0.405097459989	-1.37597194262	0.970874482633
WP_003514198.1	-0.269556772766	1.33706968207	-1.06751290931
WP_003514209.1	-1.26143699973	0.0770195547869	1.18441744494
WP_003514211.1	0.74385492119	0.669710620585	-1.41356554178
WP_003514215.1	-1.37958723053	0.95915267865	0.420434551875
WP_003514216.1	-1.25981501063	0.073445822688	1.18636918795
WP_003514218.1	0.661591162817	0.751665895948	-1.41325705877
WP_003514230.1	-1.26766899984	0.0909150950952	1.17675390474
WP_003514231.1	-0.551915529369	-0.851668918367	1.40358444774
WP_003514245.1	-1.29792523171	0.162606193397	1.13531903831
WP_003514246.1	-1.39844015734	0.881631275549	0.516808881795
WP_003514291.1	0.540845773074	0.861219454183	-1.40206522726
WP_003514292.1	1.08180878841	-1.32974361039	0.24793482198
WP_003514293.1	0.619612377606	-1.41074232507	0.791129947464
WP_003514302.1	-1.37893279371	0.417605655254	0.961327138455
WP_003514304.1	1.2146403837	0.0199648739102	-1.23460525761
WP_003514305.1	-0.919066309241	1.39038644027	-0.471320131034
WP_003514309.1	-1.35120309421	0.314094080186	1.03710901403
WP_003514311.1	0.867123298031	0.533946950176	-1.40107024821
WP_003514315.1	0.947876852704	0.434987920544	-1.38286477325
WP_003514317.1	1.40229796475	-0.542497434793	-0.859800529954
WP_003514322.1	-1.19364440242	1.25364012151	-0.059995719091
WP_003514324.1	1.32289422156	-0.228476951399	-1.09441727016
WP_003514326.1	0.481976157215	0.910434623057	-1.39241078027
WP_003514331.1	0.276031509613	1.06317322045	-1.33920473006
WP_003514333.1	0.116379865265	1.16240082402	-1.27878068928
WP_003514338.1	1.2726165223	-1.17047620326	-0.102140319039
WP_003514339.1	0.316417216418	-1.35190459499	1.03548737858
WP_003514375.1	-1.35941851177	1.01732735729	0.342091154475
WP_003514399.1	-1.41279720153	0.761198696701	0.651598504828
WP_003514440.1	-1.39501076995	0.898648900385	0.496361869565
WP_003514456.1	-1.36681731757	0.997825285719	0.368992031851
WP_003514458.1	-1.32578258702	1.08918391479	0.236598672229
WP_003514463.1	-1.41215345874	0.772159682708	0.639993776034
WP_003514465.1	-1.40861499029	0.813178321619	0.595436668667
WP_003514467.1	-1.39911034639	0.878070379741	0.521039966649
WP_003514472.1	0.402028597463	0.97320022814	-1.3752288256
WP_003514478.1	-1.375948658	0.970947769279	0.405000888726
WP_003514493.1	-0.000119186279392	-1.2246852739	1.22480446018
WP_003514503.1	0.347022097604	-1.36081124161	1.013789144
WP_003514505.1	1.36204003487	-0.351421462276	-1.01061857259
WP_003514543.1	1.33122675255	-1.07898548463	-0.252241267927
WP_003514545.1	-1.39285714271	0.908470395045	0.484386747669
WP_003514552.1	-0.509107444125	1.39718542465	-0.888077980522
WP_003514554.1	-0.0573178427176	1.25239745498	-1.19507961227
WP_003514556.1	0.291027558867	-1.34404505561	1.05301749675
WP_003514572.1	0.440402727388	0.943643161267	-1.38404588866
WP_003514573.1	-0.836119367239	1.40582397878	-0.569704611542
WP_003514575.1	-0.124535928538	-1.15771896266	1.2822548912
WP_003514578.1	1.08239905182	0.247032178269	-1.32943123009
WP_003514580.1	1.02718424028	0.328232922489	-1.35541716277
WP_003514581.1	1.13981058751	-1.29490451338	0.155093925868
WP_003514582.1	0.106752093191	-1.27462663225	1.16787453905
WP_003514583.1	-0.705983175776	-0.708229791769	1.41421296754
WP_003514587.1	1.06497952334	-1.33832098541	0.273341462069
WP_003514589.1	0.725055936378	-1.41406038178	0.689004445407
WP_003514597.1	1.1307361476	0.170211169635	-1.30094731724
WP_003514599.1	-0.250932983722	-1.07984445485	1.33077743857
WP_003514601.1	0.477160773241	-1.39150631545	0.914345542206
WP_003514606.1	-0.282136384625	-1.05905650761	1.34119289223
WP_003514607.1	-1.38836548013	0.461092692695	0.927272787437
WP_003514612.1	0.262126792729	-1.33458620811	1.07245941538
WP_003514614.1	-1.28873203162	1.14872433389	0.140007697729
WP_003514618.1	1.24220122438	-1.20650823822	-0.0356929861668
WP_003514621.1	1.41421356237	-0.707106781187	-0.707106781187
WP_003514623.1	-1.30213308148	1.12891283255	0.17322024893
WP_003514625.1	1.32996187	-1.08139547396	-0.24856639604
WP_003514630.1	1.01474178942	-1.36043849203	0.345696702616
WP_003514635.1	-0.207548175489	1.31525781283	-1.10770963734
WP_003514637.1	-0.690941947371	1.41409130805	-0.723149360682
WP_003514639.1	0.856032215812	-1.40290411897	0.546871903159
WP_003514641.1	1.07908808307	0.252085089895	-1.33117317297
WP_003514643.1	1.02450815566	-1.35652138102	0.332013225369
WP_003514645.1	0.315629441367	1.03603767463	-1.351667116
WP_003514647.1	-0.824696337685	1.40728885198	-0.582592514293
WP_003514649.1	0.756021421126	0.657036973411	-1.41305839454
WP_003514651.1	-1.40738698573	0.583500297179	0.823886688555
WP_003514653.1	1.17083188932	-1.27233989621	0.101508006893
WP_003514654.1	-0.725741947951	1.41404839418	-0.688306446224
WP_003514656.1	0.0456061166988	1.20130480519	-1.24691092189
WP_003514658.1	0.71540942032	0.698771518152	-1.41418093847
WP_003514660.1	-0.140523978865	1.28894560651	-1.14842162764
WP_003514662.1	1.09452464055	-1.32283427594	0.228309635394
WP_003514667.1	1.17612246202	-1.26817296135	0.0920504993323
WP_003514668.1	1.2651654479	-0.0853009938667	-1.17986445403
WP_003514670.1	1.33213529728	-1.07723873506	-0.254896562214
WP_003514672.1	0.765721189283	0.646825423139	-1.41254661242
WP_003514673.1	-0.734481575835	1.41385562207	-0.679374046235
WP_003514675.1	1.2596163057	-0.0730092018723	-1.18660710383
WP_003514677.1	0.914943717333	0.476422404934	-1.39136612227
WP_003514679.1	-1.09316057877	1.32359377818	-0.230433199409
WP_003514681.1	-0.142357813377	-1.14734507327	1.28970288664
WP_003514690.1	-1.26577959028	1.1791054317	0.0866741585821
WP_003514694.1	1.22180776666	-1.22766099597	0.00585322931559
WP_003514696.1	-0.268965324715	-1.06790797324	1.33687329796
WP_003514703.1	1.40817261988	-0.817167716286	-0.591004903595
WP_003514705.1	-0.986478893616	1.37081824346	-0.384339349847
WP_003514722.1	-0.323211688641	1.35393577066	-1.03072408202
WP_003514728.1	-0.855060897963	-0.547996662677	1.40305756064
WP_003514730.1	-1.31678287322	1.10511523113	0.211667642097
WP_003514737.1	1.36217485016	-1.01026785919	-0.351906990973
WP_003514745.1	1.40034722195	-0.87126055814	-0.529086663806
WP_003514760.1	-1.40281232608	0.856609846459	0.546202479621
WP_003514788.1	1.41411359862	-0.721618655161	-0.692494943461
WP_003514797.1	-0.483326937143	1.39266142855	-0.909334491407
WP_003514804.1	-0.857622756124	-0.545027626155	1.40265038228
WP_003514830.1	-0.271570771449	-1.06616593903	1.33773671048
WP_003514835.1	-1.3154045514	1.1074612663	0.207943285101
WP_003514839.1	-1.39062328928	0.472544612756	0.918078676519
WP_003514846.1	-0.547633738762	-0.855374419165	1.40300815793
WP_003514847.1	0.75000903124	0.663318574653	-1.41332760589
WP_003514851.1	-1.24801270436	0.0479436669523	1.20006903741
WP_003514852.1	1.09934079495	-1.32011660742	0.220775812474
WP_003514863.1	-0.321775228308	1.35350889806	-1.03173366976
WP_003514876.1	0.792067254312	0.618595417611	-1.41066267192
WP_003514880.1	0.147823136277	1.14412424426	-1.29194738054
WP_003514904.1	-1.38277413899	0.948197817734	0.434576321253
WP_003514906.1	1.37360343506	-0.395408165113	-0.978195269948
WP_003514910.1	1.41019073505	-0.797407707344	-0.612783027706
WP_003514923.1	1.41269052	-0.76317061557	-0.649519904425
WP_003514987.1	-1.16285121183	-0.115591463005	1.27844267483
WP_003515018.1	-1.26971417479	0.0955339599992	1.17418021479
WP_003515019.1	1.10197212187	-1.31860776592	0.21663564405
WP_003515020.1	1.39870993325	-0.880208199836	-0.518501733418
WP_003515021.1	0.942071800141	0.442405692224	-1.38447749237
WP_003515022.1	1.23209602202	-0.0148371125713	-1.21725890944
WP_003515023.1	0.570019698627	0.835841682952	-1.40586138158
WP_003515024.1	1.23924598074	-0.0295365141535	-1.20970946659
WP_003515025.1	0.720700578901	0.693425306527	-1.41412588543
WP_003515026.1	-0.205337215323	1.31443486854	-1.10909765322
WP_003515027.1	-0.692091580568	1.41410802306	-0.722016442491
WP_003515029.1	1.31172492956	-0.198114409765	-1.1136105198
WP_003515048.1	-1.10169029999	-0.217079886837	1.31877018682
WP_003515069.1	-0.96362668021	1.37823272627	-0.414606046059
WP_003515075.1	0.770044974178	-1.41228732797	0.642242353791
WP_003515275.1	0.667580756346	0.745909557141	-1.41349031349
WP_003515281.1	0.808890312663	0.600180319436	-1.4090706321
WP_003515284.1	-1.29796944424	1.1352526435	0.162716800738
WP_003515288.1	-1.4129799486	0.757634364433	0.655345584166
WP_003515290.1	-1.3729979155	0.980025009436	0.392972906068
WP_003515302.1	-1.41180094971	0.777409626754	0.634391322952
WP_003515306.1	1.36377686629	-1.00605581928	-0.357721047012
WP_003515309.1	-1.37826193391	0.414730655078	0.963531278829
WP_003515330.1	0.384846562921	-1.37094771577	0.986101152846
WP_003515355.1	-1.33281116292	0.256880486989	1.07593067593
WP_003515361.1	-0.925231968198	-0.463644969287	1.38887693749
WP_003515363.1	0.620463286783	0.7903450156	-1.41080830238
WP_003515365.1	1.4090120049	-0.599558979951	-0.809453024951
WP_003515370.1	-1.13035664414	-0.170838248937	1.30119489307
WP_003515373.1	-0.944356021583	1.38384888253	-0.439492860946
WP_003515378.1	0.0257231064354	-1.2374038111	1.21168070467
WP_003515381.1	0.0419250370399	-1.24516908542	1.20324404838
WP_003515387.1	-1.31617103843	1.10615956242	0.210011476016
WP_003515405.1	1.39916179454	-0.877793423541	-0.521368371001
WP_003515408.1	-1.28853742665	0.139537621463	1.14899980519
WP_003515416.1	0.642859103384	0.769464178191	-1.41232328157
WP_003515434.1	-0.866071746017	-0.535178874898	1.40125062091
WP_003515443.1	1.15437460153	-1.28469310252	0.13031850099
WP_003515445.1	0.281802079826	-1.34108464706	1.05928256723
WP_003515449.1	-0.397360915	1.3740860162	-0.9767251012
WP_003515456.1	-1.28548685378	0.132211682954	1.15327517083
WP_003515457.1	-0.73189512465	-0.682025311792	1.41392043644
WP_003515458.1	1.40368190734	-0.851031527251	-0.552650380093
WP_003515461.1	1.40690667055	-0.579114221253	-0.827792449295
WP_003515463.1	1.4053112844	-0.839860399571	-0.565450884833
WP_003515466.1	1.34522612213	-0.294757254902	-1.05046886723
WP_003515468.1	0.143891616556	1.14644304673	-1.29033466329
WP_003515474.1	0.358563679355	1.00544347274	-1.3640071521
WP_003515476.1	1.19368040443	-1.25360904973	0.0599286452975
WP_003515478.1	1.35701274694	-1.02330675556	-0.333705991379
WP_003515482.1	1.32338598403	-1.09353457518	-0.229851408854
WP_003515501.1	-0.385651967681	1.37115294181	-0.985500974124
WP_003515507.1	-1.31147969963	0.197465098072	1.11401460156
WP_003515509.1	0.629639643984	-1.41148086308	0.781841219097
WP_003515511.1	-1.08628388156	-0.24107135705	1.32735523861
WP_003515515.1	-1.05425524678	-0.289211402982	1.34346664976
WP_003515523.1	1.06505337842	0.273231323997	-1.33828470241
WP_003515525.1	0.522908563155	0.876493421937	-1.39940198509
WP_003515527.1	0.505587162389	-1.39659698035	0.891009817961
WP_003515531.1	-0.755185125474	-0.657912903061	1.41309802853
WP_003515536.1	-0.272850303096	1.33815912131	-1.06530881821
WP_003515537.1	-0.682532835765	1.41393211421	-0.731399278444
WP_003515540.1	1.32709141695	-0.240318490181	-1.08677292676
WP_003515542.1	-1.14480665723	-0.14666780011	1.29147445734
WP_003515543.1	1.01069774936	0.35131181928	-1.36200956864
WP_003515545.1	-0.00860609740665	-1.22041914482	1.22902524223
WP_003515546.1	1.35043028451	-0.311548351081	-1.03888193343
WP_003515548.1	-0.348718924168	1.36128672773	-1.01256780357
WP_003515550.1	0.46466543605	0.924414672033	-1.38908010808
WP_003515551.1	0.771624738645	0.640563023521	-1.41218776217
WP_003515554.1	1.127980862	-1.30273557056	0.174754708567
WP_003515557.1	-1.41228239538	0.770124217057	0.642158178327
WP_003515563.1	-0.691462994269	1.41409903486	-0.722636040592
WP_003515565.1	1.41362135454	-0.742250760302	-0.67137059424
WP_003515567.1	1.36989241977	-0.380732356323	-0.989160063444
WP_003515569.1	0.649965830994	0.762747893989	-1.41271372498
WP_003515572.1	0.302755711097	-1.34772823673	1.04497252563
WP_003515575.1	-0.474217429401	1.39094508622	-0.916727656818
WP_003515583.1	1.40933543283	-0.60302998555	-0.806305447277
WP_003515590.1	-0.472153626148	1.39054778065	-0.918394154506
WP_003515591.1	-0.974251911489	1.37488995013	-0.400638038636
WP_003515593.1	1.11244518499	0.199984576733	-1.31242976172
WP_003515597.1	-0.701145379273	1.41419685627	-0.713051476995
WP_003515602.1	1.31149172395	-1.1139948047	-0.197496919248
WP_003515604.1	-0.240128685118	-1.08689616257	1.32702484769
WP_003515606.1	0.20265897536	1.11077488274	-1.3134338581
WP_003515607.1	1.00408207376	0.360434697198	-1.36451677095
WP_003515609.1	-1.31570837486	0.20876220995	1.10694616491
WP_003515613.1	0.926368293453	-1.38859288813	0.462224594676
WP_003515614.1	1.24442065654	-1.20407192881	-0.0403487277234
WP_003515616.1	0.34935635776	1.0121084917	-1.36146484946
WP_003515625.1	0.296897771164	1.04900206753	-1.34589983869
WP_003515629.1	0.763339986083	0.649341184994	-1.41268117108
WP_003515632.1	0.597260678354	0.811531703756	-1.40879238211
WP_003515634.1	0.634605628057	-1.41181493028	0.777209302226
WP_003515646.1	0.0288312824221	-1.23890597105	1.21007468863
WP_003515648.1	0.972386324584	-1.37548986577	0.403103541189
WP_003515650.1	0.629910127929	-1.41149960161	0.781589473685
WP_003515651.1	-1.41301011006	0.757020613534	0.655989496526
WP_003515653.1	-0.956166441915	1.38047410163	-0.424307659712
WP_003515658.1	0.89724589387	0.498061981883	-1.39530787575
WP_003515661.1	-1.40734940345	0.824197489879	0.583151913567
WP_003515663.1	-0.632160899823	-0.779492207447	1.41165310727
WP_003515665.1	0.713599514998	-1.41419362884	0.700594113841
WP_003515667.1	-1.09661474361	-0.225047060568	1.32166180418
WP_003515671.1	0.401276398401	0.973769285051	-1.37504568345
WP_003515673.1	0.69724682391	0.716921120155	-1.41416794407
WP_003515675.1	-1.3725185692	0.981461897899	0.391056671303
WP_003515678.1	0.680160217248	0.733715290489	-1.41387550774
WP_003515680.1	1.33978053805	-1.06198857608	-0.277791961975
WP_003515682.1	-1.21579226539	1.23350533624	-0.0177130708478
WP_003515685.1	1.27379301368	-1.16895714128	-0.104835872402
WP_003515686.1	-1.22600165385	0.00251744584409	1.223484208
WP_003515687.1	-0.538222214014	-0.863468972395	1.40169118641
WP_003515688.1	1.27098631909	-0.0984220911413	-1.17256422795
WP_003515690.1	-0.0669147622875	-1.18991574711	1.2568305094
WP_003515698.1	1.39087510746	-0.473852746962	-0.917022360496
WP_003515703.1	-1.07063339773	-0.264875837802	1.33550923554
WP_003515727.1	1.35484289547	-0.326279672316	-1.02856322315
WP_003515732.1	1.17610964812	-1.26818317349	0.0920735253751
WP_003515733.1	-0.347651848197	-1.01333608857	1.36098793677
WP_003515736.1	1.41368755477	-0.740244722353	-0.673442832413
WP_003515738.1	-1.40285430239	0.546508286289	0.856346016099
WP_003515750.1	-1.32176000037	0.225319584089	1.09644041628
WP_003515754.1	0.580817203202	-1.40709500895	0.826277805744
WP_003515756.1	-1.37439966397	0.398635848143	0.975763815822
WP_003515758.1	1.41095487052	-0.788572350912	-0.622382519613
WP_003515760.1	-1.04974811954	-0.295809596789	1.34555771633
WP_003515762.1	0.109549897983	-1.27583969539	1.1662897974
WP_003515764.1	1.41369252594	-0.740089030367	-0.673603495569
WP_003515767.1	0.797913669605	-1.41014441972	0.612230750116
WP_003515787.1	-1.13357950992	1.2990793978	-0.165499887885
WP_003515789.1	-0.218154943809	-1.10100777938	1.31916272319
WP_003515791.1	1.41399218369	-0.728665848347	-0.685326335343
WP_003515802.1	0.528702299099	-1.40028926811	0.87158696901
WP_003515811.1	1.32481328116	-1.09095340296	-0.233859878206
WP_003515828.1	1.16995735114	0.103061910001	-1.27301926114
WP_003515836.1	0.0827878145009	1.18125061727	-1.26403843177
WP_003515841.1	-0.28421072063	-1.05765219841	1.34186291904
WP_003515843.1	-0.916268809965	1.39105380178	-0.474784991811
WP_003515844.1	1.38439956801	-0.942356489038	-0.44204307897
WP_003515847.1	0.211382802609	1.10529496653	-1.31667776913
WP_003515849.1	-1.23429024661	1.21497092598	0.0193193206354
WP_003515850.1	-1.1046949375	-0.212333393637	1.31702833114
WP_003515852.1	-1.28168321878	0.123187192792	1.15849602599
WP_003515853.1	-1.04741964381	1.34662176575	-0.299202121934
WP_003515854.1	1.35756189494	-1.0219562322	-0.335605662747
WP_003515855.1	-0.654220617319	-0.758705761357	1.41292637868
WP_003515869.1	-1.03783804881	1.350886054	-0.313048005196
WP_003515871.1	-0.61596988102	-0.794483122183	1.4104530032
WP_003515873.1	-1.28444858775	0.129736372982	1.15471221477
WP_003515875.1	-0.823635676502	-0.583781581342	1.40741725784
WP_003515877.1	1.29935311899	-1.13316503312	-0.166188085873
WP_003515879.1	-1.3798296987	0.421488878298	0.958340820403
WP_003515892.1	1.0473904492	-1.34663503722	0.299244588016
WP_003515894.1	-1.13848288258	1.29580358216	-0.15732069958
WP_003515896.1	0.281601990499	-1.34101982497	1.05941783447
WP_003515900.1	1.34577498964	-0.296500382986	-1.04927460665
WP_003515904.1	0.107708360472	-1.27504179146	1.16733343099
WP_003515910.1	1.27837073266	-0.115423777056	-1.16294695561
WP_003515912.1	1.29833959919	-0.163643575908	-1.13469602328
WP_003515915.1	0.620136377503	0.790646649421	-1.41078302692
WP_003515917.1	-1.40977255275	0.801870873815	0.607901678932
WP_003515919.1	-1.08057475664	-0.249819352759	1.33039410939
WP_003515921.1	-0.380083734804	1.36972498837	-0.989641253568
WP_003515923.1	-1.38722267497	0.931749821428	0.455472853543
WP_003515926.1	1.25597856833	-0.065060890023	-1.1909176783
WP_003515928.1	0.26786461862	-1.3365072174	1.06864259878
WP_003515936.1	-1.05202267414	1.34450765338	-0.292484979243
WP_003515939.1	0.866941175746	0.534160410156	-1.4011015859
WP_003515942.1	-1.39813614898	0.883218778232	0.514917370747
WP_003515943.1	-0.438801452448	-0.944897330116	1.38369878256
WP_003515954.1	1.26995754787	-0.0960855841788	-1.17387196369
WP_003515960.1	1.4028389138	-0.856442798529	-0.546396115269
WP_003515979.1	-0.238855830123	-1.08772200078	1.3265778309
WP_003515985.1	1.05506404335	-1.34308698507	0.288022941726
WP_003516061.1	-0.220009378493	1.31983810961	-1.09982873112
WP_003516073.1	-0.240399219639	-1.08672050411	1.32711972375
WP_003516075.1	1.11724019358	-1.30950674761	0.192266554033
WP_003516077.1	1.31194875765	-0.198707670026	-1.11324108762
WP_003516080.1	-0.844561721612	1.40464363687	-0.560081915255
WP_003516096.1	1.26490776821	-1.18018215017	-0.084725618041
WP_003516103.1	-1.06828461024	-0.268401147681	1.33668575793
WP_003516105.1	0.0427178731646	1.20282707358	-1.24554494675
WP_003516107.1	-1.27423036656	1.16838981066	0.1058405559
WP_003516112.1	-1.41396684303	0.684107121503	0.72985972153
WP_003516132.1	-0.914594084856	1.39144812494	-0.476854040085
WP_003516134.1	1.14824943362	-1.28906697227	0.140817538648
WP_003516137.1	-1.16453045979	1.27717645168	-0.11264599189
WP_003516139.1	1.17105460937	0.101111848289	-1.27216645766
WP_003516142.1	-1.40561208924	0.837680026332	0.567932062905
WP_003516143.1	1.29011294098	-0.143352922916	-1.14676001806
WP_003516144.1	0.797641202431	-1.41016939572	0.612528193285
WP_003516145.1	0.492407516554	-1.39431138748	0.901903870924
WP_003516148.1	-1.37671194692	0.408180740064	0.968531206855
WP_003516150.1	0.782097648452	0.629364058491	-1.41146170694
WP_003516155.1	-1.41415564221	0.695993385583	0.718162256623
WP_003516160.1	0.230360439786	1.09320736314	-1.32356780293
WP_003516163.1	1.37373668947	-0.977790380683	-0.395946308789
WP_003516166.1	0.26713524643	1.0691289595	-1.33626420594
WP_003516171.1	-0.564922030221	1.40524653551	-0.840324505294
WP_003516173.1	-1.30045674232	0.168970440301	1.13148630202
WP_003516175.1	1.41420710245	-0.710805379217	-0.703401723235
WP_003516177.1	1.08441091742	-1.32836048263	0.243949565216
WP_003516184.1	0.0385512250417	-1.24356534632	1.20501412128
WP_003516186.1	0.69789286405	-1.41417371422	0.716280850169
WP_003516188.1	-0.691934290609	-0.722171517562	1.41410580817
WP_003516190.1	-1.38334424518	0.94616971489	0.437174530295
WP_003516198.1	1.37806363583	-0.413885562793	-0.964178073034
WP_003516200.1	1.344542453	-0.292594793109	-1.05194765989
WP_003516203.1	-0.440484546577	-0.943579028789	1.38406357537
WP_003516211.1	-0.827359686071	1.40696075114	-0.579601065066
WP_003516214.1	0.476167066501	-1.39131754835	0.91515048185
WP_003516217.1	-0.549035986098	-0.854162481876	1.40319846797
WP_003516223.1	0.348393781054	-1.36119576584	1.01280198479
WP_003516225.1	0.928750262669	-1.38799150851	0.459241245844
WP_003516227.1	0.456270652798	0.931115646664	-1.38738629946
WP_003516233.1	-0.882224564694	-0.516102355594	1.39832692029
WP_003516235.1	1.41030851774	-0.614201449133	-0.796107068604
WP_003516238.1	-0.670320205512	-0.743266119367	1.41358632488
WP_003516239.1	-1.02745683513	-0.327847092389	1.35530392752
WP_003516241.1	-1.40789558612	0.588308206651	0.819587379466
WP_003516243.1	0.678501479546	0.73533141469	-1.41383289424
WP_003516246.1	-0.829330984807	-0.577381677961	1.40671266277
WP_003516249.1	0.411392652964	0.96608311685	-1.37747576981
WP_003516250.1	1.16979280647	-1.27314678824	0.10335398177
WP_003516251.1	1.09716240951	0.224190420868	-1.32135283038
WP_003516256.1	-1.24629962147	0.0443122340852	1.20198738739
WP_003516257.1	-0.198149630158	1.31173822388	-1.11358859372
WP_003516259.1	0.708543063829	-1.41421258925	0.705669525421
WP_003516266.1	-1.4037217064	0.552951389981	0.850770316419
WP_003516269.1	-0.898066483103	1.39513442216	-0.497067939055
WP_003516271.1	-1.20321752291	1.24519301734	-0.0419754944349
WP_003516273.1	0.667824309024	0.745674812437	-1.41349912146
WP_003516278.1	-0.729061759218	-0.684922174812	1.41398393403
WP_003516284.1	1.25901659605	-0.0716929987051	-1.18732359734
WP_003516286.1	1.38195298383	-0.951081207112	-0.430871776715
WP_003516296.1	-1.41331268981	0.750364818011	0.662947871797
WP_003516304.1	0.714064574667	-1.41419066591	0.700126091248
WP_003516306.1	-0.668448550171	1.41352145466	-0.745072904486
WP_003516308.1	0.876350994958	-1.3994281699	0.523077174937
WP_003516310.1	-1.07552945014	-0.257488254429	1.33301770457
WP_003516312.1	1.09291014938	-1.32373273038	0.230822581
WP_003516314.1	0.993927758031	0.374288500529	-1.36821625856
WP_003516315.1	1.39599274667	-0.893963688042	-0.502029058628
WP_003516317.1	-0.487067863203	-0.906280693664	1.39334855687
WP_003516319.1	0.585266071259	-1.40757595766	0.822309886396
WP_003516324.1	0.666410126068	0.747037112548	-1.41344723862
WP_003516328.1	-0.715265581682	1.41418206122	-0.698916479541
WP_003516337.1	0.522505362914	-1.39933928154	0.876833918629
WP_003516351.1	1.38945129455	-0.922911591316	-0.466539703232
WP_003516352.1	0.272670607577	-1.3380998626	1.06542925503
WP_003516353.1	0.470408938538	-1.39020947917	0.919800540637
WP_003516354.1	1.39028260875	-0.470785112451	-0.919497496299
WP_003516356.1	1.36185200343	-0.350745232185	-1.01110677124
WP_003516357.1	0.789269052697	-1.41089766739	0.621628614694
WP_003516358.1	-0.623200896482	-0.787815524887	1.41101642137
WP_003516360.1	-1.40945662312	0.805097732536	0.604358890579
WP_003516363.1	0.889770412511	0.507076694119	-1.39684710663
WP_003516364.1	1.4142015997	-0.702063285854	-0.71213831385
WP_003516367.1	-1.37294493646	0.392760617804	0.980184318659
WP_003516374.1	-0.944862139928	1.38370855372	-0.43884641379
WP_003516377.1	-1.07979446501	-0.251009168406	1.33080363342
WP_003516379.1	-0.976775476059	-0.397294062634	1.37406953869
WP_003516386.1	-1.12921250209	-0.172726335957	1.30193883804
WP_003516388.1	-0.914757654798	-0.476652127517	1.39140978231
WP_003516403.1	1.38059536241	-0.424840841072	-0.955754521336
WP_003516406.1	-0.186461572385	-1.12082195629	1.30728352867
WP_003516409.1	1.26089299008	-1.18507398324	-0.0758190068418
WP_003516411.1	-0.559165277957	-0.845362090306	1.40452736826
WP_003516413.1	-1.40570128217	0.837025634973	0.568675647195
WP_003516416.1	1.41395629083	-0.683617800339	-0.730338490488
WP_003516418.1	0.812984696588	-1.40863600683	0.595651310238
WP_003516419.1	1.37563594572	-0.971929409848	-0.403706535875
WP_003516421.1	-0.95135659883	1.38187389993	-0.430517301103
WP_003516438.1	1.06907518847	-1.33629109816	0.26721590969
WP_003516440.1	0.925840581836	0.46288444701	-1.38872502885
WP_003516448.1	1.11563486812	-1.3104920854	0.19485721728
WP_003516452.1	0.0258545372683	-1.23746745057	1.2116129133
WP_003516455.1	-1.27828486269	0.11522368062	1.16306118207
WP_003516459.1	-1.04843431556	-0.297725123933	1.34615943949
WP_003516462.1	0.968489009169	0.408236183912	-1.37672519308
WP_003516465.1	0.477081737985	0.914409590247	-1.39149132823
WP_003516468.1	-0.0635609838321	-1.19172676225	1.25528774608
WP_003516470.1	-0.922054277503	-0.467607306014	1.38966158352
WP_003516483.1	1.07244624048	0.26214665371	-1.33459289419
WP_003516491.1	1.41293860232	-0.758463334948	-0.654475267375
WP_003516495.1	0.271393576957	1.0662845528	-1.33767812976
WP_003516497.1	0.616079354709	0.794382506532	-1.41046186124
WP_003516504.1	1.39445952027	-0.493239601697	-0.901219918576
WP_003516509.1	-0.0859622214479	1.26546132421	-1.17949910276
WP_003516513.1	1.37901820946	-0.41797350212	-0.961044707339
WP_003516515.1	-1.37144106539	0.386785668341	0.984655397047
WP_003516517.1	0.0887062050051	1.17798007912	-1.26668628412
WP_003516518.1	-0.86116118422	1.40207483352	-0.540913649301
WP_003516520.1	0.224083127195	1.09723097147	-1.32131409867
WP_003516522.1	1.41247403704	-0.766964450709	-0.645509586329
WP_003516525.1	0.984260098053	0.387315256001	-1.37157535405
WP_003516527.1	0.410491472952	-1.37726218814	0.96677071519
WP_003516528.1	0.394734933234	-1.37343644817	0.978701514932
WP_003516530.1	0.378171670703	0.991058071386	-1.36922974209
WP_003516545.1	-1.35162345119	0.315484742625	1.03613870856
WP_003516547.1	-0.416099193903	1.37858199532	-0.962482801415
WP_003516556.1	-1.27766845937	1.16387944769	0.113789011683
WP_003516558.1	-0.657537115631	1.41308110786	-0.755543992225
WP_003516560.1	-1.16849356201	1.27415046751	-0.105656905502
WP_003516561.1	-0.362679174757	-1.00244580793	1.36512498269
WP_003516564.1	-1.40523844274	0.564856057592	0.840382385144
WP_003516566.1	-0.800949189381	1.40986069377	-0.608911504392
WP_003516573.1	1.19452066568	0.0583617263097	-1.25288239199
WP_003516575.1	0.593941911246	0.814525672599	-1.40846758385
WP_003516579.1	0.122804943732	-1.28152099453	1.1587160508
WP_003516581.1	1.08385030298	-1.32865978944	0.24480948646
WP_003516583.1	-1.40142073752	0.536348154957	0.865072582567
WP_003516585.1	-1.41421356237	0.707106781187	0.707106781187
WP_003516590.1	1.3779809589	-0.413533844602	-0.964447114298
WP_003516591.1	-0.821728661375	1.40764490098	-0.585916239602
WP_003516592.1	1.19818766878	0.0514903129583	-1.24967798174
WP_003516596.1	0.752984491025	0.660214447437	-1.41319893846
WP_003516613.1	0.923455684898	0.465861613357	-1.38931729825
WP_003516619.1	1.09334368144	0.230148405982	-1.32349208742
WP_003516624.1	-1.35415325229	1.03020794306	0.323945309224
WP_003516641.1	-1.33507325085	0.263575536762	1.07149771409
WP_003516642.1	-1.32541123565	1.08986342509	0.235547810562
WP_003516657.1	0.790816288867	0.619952480146	-1.41076876901
WP_003516661.1	-1.3331409613	1.07528967886	0.25785128244
WP_003516665.1	-0.392406810944	-0.980449759672	1.37285657062
WP_003516667.1	0.0733087666216	-1.25975264942	1.1864438828
WP_003516668.1	0.222351654135	-1.32068804545	1.09833639132
WP_003516678.1	0.186084410139	1.12105393784	-1.30713834798
WP_003516691.1	-0.399381781123	-0.975200868146	1.37458264927
WP_003516698.1	0.372632018138	-1.36778079242	0.99514877428
WP_003516702.1	1.16063083808	0.119471722372	-1.28010256045
WP_003516730.1	-0.595681881209	1.40863899709	-0.812957115884
WP_003516738.1	0.243003720367	1.08502700143	-1.3280307218
WP_003516759.1	-0.29724024491	-1.04876710714	1.34600735205
WP_003516767.1	0.678227829202	-1.41382562421	0.735597795009
WP_003516777.1	-0.384917656285	1.37096584908	-0.9860481928
WP_003516780.1	1.33812632537	-0.272750845175	-1.0653754802
WP_003516785.1	1.40389240954	-0.554248619029	-0.849643790508
WP_003516833.1	0.163673732388	-1.2983516347	1.13467790231
WP_003516839.1	-1.40530066715	0.565364040848	0.839936626307
WP_003516841.1	0.493827236378	-1.39456382424	0.900736587866
WP_003516852.1	-1.38498986144	0.940188920937	0.444800940498
WP_003516862.1	-1.35980112951	1.01636106191	0.343440067595
WP_003516863.1	1.39091713049	-0.9168454485	-0.474071681993
WP_003516864.1	-1.26029342488	1.18579530859	0.0744981162923
WP_003516867.1	1.11612074176	0.194073837465	-1.31019457922
WP_003516870.1	-0.563526394283	-0.841548203232	1.40507459752
WP_003516871.1	0.805661227229	0.60373905124	-1.40940027847
WP_003516875.1	1.28801953917	-0.13828825528	-1.14973128389
WP_003516876.1	0.433417327148	0.949100954415	-1.38251828156
WP_003516877.1	1.41334897839	-0.749493865205	-0.663855113185
WP_003516878.1	-0.47604530681	-0.915249061933	1.39129436874
WP_003516902.1	0.0229108768352	-1.23603957958	1.21312870275
WP_003516905.1	0.416523534893	-1.37868096955	0.96215743466
WP_003516913.1	1.16645549562	-1.27571325853	0.109257762905
WP_003516923.1	0.30667634121	1.0422630239	-1.34893936511
WP_003516942.1	0.58417292949	-1.40745926849	0.823286339002
WP_003516952.1	-1.09661876463	1.32165953832	-0.225040773695
WP_003516971.1	-1.24746054955	0.0467713221693	1.20068922738
WP_003516973.1	0.32679502567	-1.35499465885	1.02819963318
WP_003516975.1	1.36179909536	-0.350555154809	-1.01124394055
WP_003516977.1	1.02748521306	-1.35529213134	0.32780691828
WP_003516982.1	-1.36372948282	0.35754788515	1.00618159768
WP_003516984.1	0.744086131903	-1.41355728632	0.669471154418
WP_003516993.1	0.142389399466	-1.28971591177	1.14732651231
WP_003516995.1	-0.496710276925	1.39507183216	-0.898361555232
WP_003516997.1	-1.00116934905	-0.364426857708	1.36559620676
WP_003517000.1	0.449943427017	-1.38607600872	0.936132581705
WP_003517002.1	1.23933885088	-1.20960959997	-0.0297292509046
WP_003517004.1	0.956074388984	0.424426833625	-1.38050122261
WP_003517008.1	-1.0228724051	1.35718973176	-0.334317326656
WP_003517011.1	1.29674606766	-0.159663276401	-1.13708279126
WP_003517014.1	-1.40057027885	0.869997161665	0.530573117189
WP_003517016.1	0.292758034974	1.05183613419	-1.34459416917
WP_003517018.1	0.588793366783	-1.40794586435	0.819152497572
WP_003517020.1	0.647160220321	0.76540461743	-1.41256483775
WP_003517022.1	-0.953926284507	1.38113042921	-0.427204144699
WP_003517026.1	1.3061465501	-1.12263252822	-0.183514021881
WP_003517033.1	1.41420674299	-0.703299943158	-0.710906799829
WP_003517036.1	-1.09339140752	1.32346556831	-0.230074160781
WP_003517038.1	1.09836199346	0.222311516842	-1.3206735103
WP_003517040.1	1.17575539775	-1.26846526378	0.0927098660303
WP_003517042.1	-0.502019084471	-0.893971955047	1.39599103952
WP_003517043.1	1.38495893677	-0.94030311051	-0.444655826259
WP_003517046.1	0.576406643232	0.830195773622	-1.40660241685
WP_003517058.1	-1.32978775986	1.08172524308	0.24806251678
WP_003517060.1	1.15157634029	0.135129510995	-1.28670585129
WP_003517062.1	-1.40998075091	0.610302934109	0.799677816801
WP_003517067.1	-0.429716550522	-0.951978373399	1.38169492392
WP_003517069.1	0.489855460306	-1.39385384658	0.903998386273
WP_003517071.1	-0.891548002658	1.39648774332	-0.504939740665
WP_003517073.1	0.203960559236	1.10996034092	-1.31392090015
WP_003517075.1	0.914030990625	-1.39157983827	0.477548847648
WP_003517076.1	-0.926995137125	-0.46144027357	1.3884354107
WP_003517085.1	0.495642813571	0.899241647722	-1.39488446129
WP_003517088.1	0.887162745276	-1.39736682941	0.510204084132
WP_003517096.1	-0.962750566179	1.37850041956	-0.415749853383
WP_003517098.1	-1.23641899581	0.0236920043824	1.21272699143
WP_003517100.1	-0.216218809949	-1.10223644216	1.31845525211
WP_003517102.1	1.27325490886	-0.103601701954	-1.1696532069
WP_003517107.1	-0.516359562923	1.39836818753	-0.882008624607
WP_003517108.1	0.391485878205	-1.37262615564	0.981140277438
WP_003517112.1	-1.23973008563	0.0305417138287	1.2091883718
WP_003517114.1	1.39265631809	-0.909356994581	-0.483299323505
WP_003517139.1	1.34316672595	-0.288272314706	-1.05489441124
WP_003517142.1	-0.502254023706	1.39603123132	-0.893777207614
WP_003517144.1	1.01458925402	-1.3604982863	0.345909032273
WP_003517145.1	-1.08447439866	-0.243852146096	1.32832654475
WP_003517147.1	-0.8295391997	-0.577146998015	1.40668619772
WP_003517151.1	0.883885916016	-1.39800742529	0.514121509275
WP_003517153.1	0.701659238455	-1.41419960884	0.712540370389
WP_003517159.1	-0.681656032429	1.41391179211	-0.732255759681
WP_003517161.1	-1.25595280047	0.0650048891906	1.19094791128
WP_003517163.1	0.148255957582	-1.29212433686	1.14386837928
WP_003517165.1	-1.16685630823	-0.108550723421	1.27540703165
WP_003517167.1	-1.41337382468	0.66448710449	0.74888672019
WP_003517177.1	1.12363091576	0.18188486742	-1.30551578318
WP_003517181.1	-1.24971495602	0.051569246374	1.19814570964
WP_003517183.1	-1.26976507876	0.0956493026679	1.17411577609
WP_003517185.1	-1.13384887338	1.29890124592	-0.16505237254
WP_003517187.1	1.09048213495	-1.32507216138	0.234590026435
WP_003517189.1	1.17240570777	-1.27111061577	0.0987049080001
WP_003517192.1	1.3759051445	-0.404820491762	-0.971084652739
WP_003517198.1	1.41097751987	-0.788294730892	-0.622682788973
WP_003517200.1	-0.574948785093	-0.831487367698	1.40643615279
WP_003517204.1	0.702199749781	0.712002487798	-1.41420223758
WP_003517206.1	-1.21200772852	-0.025088798905	1.23709652743
WP_003517208.1	1.02943891831	-1.35447634963	0.325037431314
WP_003517211.1	-1.17444391844	-0.0950617880778	1.26950570652
WP_003517212.1	1.05469764561	-1.34325914708	0.288561501463
WP_003517213.1	-0.917550516494	1.39074939268	-0.473198876191
WP_003517214.1	0.453606343292	-1.38683806939	0.933231726103
WP_003517215.1	0.78356823054	-1.41135050402	0.627782273479
WP_003517221.1	-0.306105433437	1.348763634	-1.04265820057
WP_003517223.1	-1.40592341219	0.570543734184	0.835379678009
WP_003517230.1	-0.540281428112	-0.86170379109	1.4019852192
WP_003517233.1	-1.21739027606	1.23196930469	-0.0145790286315
WP_003517235.1	0.94650456927	-1.38325054027	0.436745971002
WP_003517237.1	1.22918010723	-1.22026091967	-0.00891918756582
WP_003517243.1	-0.655168879385	1.41297160776	-0.757802728379
WP_003517249.1	-1.07961728285	1.3308964317	-0.251279148852
WP_003517251.1	1.31544325442	-1.10739571285	-0.208047541568
WP_003517254.1	1.32918030895	-1.08287209255	-0.246308216397
WP_003517255.1	1.40303753699	-0.855188063919	-0.547849473067
WP_003517257.1	-0.362157626961	-1.00282633049	1.36498395745
WP_003517259.1	1.24335864522	-1.20524119552	-0.0381174496951
WP_003517262.1	-0.967569230572	1.37701321875	-0.409443988173
WP_003517264.1	-0.414267178132	1.37815324255	-0.963886064416
WP_003517266.1	1.41368472609	-0.673351746255	-0.740332979836
WP_003517268.1	1.41421321811	-0.707961184889	-0.706252033217
WP_003517270.1	-1.3739944883	0.97700476059	0.396989727709
WP_003517274.1	1.09813963199	0.222660066476	-1.32079969846
WP_003517276.1	1.32668127743	-0.239150126001	-1.08753115143
WP_003517278.1	0.229826959268	1.09355028755	-1.32337724682
WP_003517280.1	0.740503861154	-1.41367922738	0.673175366225
WP_003517282.1	-1.29470390794	0.154598117789	1.14010579015
WP_003517284.1	0.331403355744	1.02494052777	-1.35634388351
WP_003517285.1	-1.03556390948	1.35187160342	-0.316307693944
WP_003517339.1	-0.535861471988	-0.865488587173	1.40135005916
WP_003517341.1	-0.0647729800871	-1.19107309073	1.25584607082
WP_003517346.1	-0.897829107188	-0.497355582633	1.39518468982
WP_003517348.1	-1.40051955639	0.870285450158	0.530234106232
WP_003517353.1	-1.41010224835	0.611730510749	0.798371737605
WP_003517355.1	-1.40961640016	0.803480401338	0.606135998822
WP_003517362.1	-1.39336809427	0.906193033588	0.487175060681
WP_003517364.1	-1.41378972049	0.736877683175	0.676912037318
WP_003517374.1	-1.39554413058	0.896121339787	0.499422790798
WP_003517375.1	-1.4136711143	0.672916750461	0.740754363838
WP_003517377.1	-1.35190370409	0.316414258521	1.03548944557
WP_003517378.1	-0.332190820926	-1.0243822012	1.35657302213
WP_003517379.1	-1.09608915717	-0.22586847832	1.32195763549
WP_003517381.1	-1.32909913662	0.246074224014	1.0830249126
WP_003517383.1	0.487864944173	0.905628682087	-1.39349362626
WP_003517389.1	-0.121779588816	-1.15930580418	1.28108539299
WP_003517391.1	0.113394252049	-1.27749862819	1.16410437615
WP_003517395.1	-1.41058054877	0.617558372659	0.793022176108
WP_003517398.1	-0.57368968605	-0.832601496952	1.406291183
WP_003517399.1	-1.41335338327	0.663966499525	0.74938688374
WP_003517401.1	1.1334991033	-1.29913253692	0.165633433616
WP_003517403.1	-0.972904505387	-0.402419288952	1.37532379434
WP_003517405.1	0.116711523318	-1.27892276729	1.16221124398
WP_003517408.1	-0.92567821012	1.3887656078	-0.463087397683
WP_003517416.1	-1.12849787798	-0.173903758319	1.3024016363
WP_003517434.1	1.38436604058	-0.441887196772	-0.942478843806
WP_003517436.1	-1.41180853949	0.634507590101	0.777300949391
WP_003517440.1	0.570007467118	-1.4058599311	0.835852463985
WP_003517442.1	1.01380092623	-1.3608066415	0.34700571527
WP_003517446.1	-1.03538099789	-0.316569437713	1.3519504356
WP_003517447.1	1.36664706877	-0.368352357802	-0.998294710963
WP_003517450.1	-1.17577638514	1.26844856397	-0.0926721788308
WP_003517452.1	-0.348078192589	-1.01302921635	1.36110740894
WP_003517454.1	1.39893569512	-0.519929019731	-0.879006675385
WP_003517455.1	0.491339015379	0.902781396344	-1.39412041172
WP_003517457.1	0.248571789178	-1.32996373266	1.08139194348
WP_003517459.1	-0.920770214811	-0.46920440342	1.38997461823
WP_003517461.1	0.413685241593	0.964331316185	-1.37801655778
WP_003517463.1	-1.08947338694	-0.236151137374	1.32562452431
WP_003517464.1	0.174747405973	-1.30273270677	1.1279853008
WP_003517480.1	0.995535923652	-1.36764218753	0.372106263875
WP_003517483.1	0.0700678233654	1.18820681487	-1.25827463824
WP_003517485.1	1.21904424217	0.0113227482054	-1.23036699038
WP_003517488.1	1.27566866542	-0.109154758625	-1.16651390679
WP_003517489.1	1.1099240775	0.204018466029	-1.31394254353
WP_003517490.1	0.11497199443	-1.27817681817	1.16320482374
WP_003517491.1	-1.41058366948	0.792986096563	0.617597572912
WP_003517492.1	0.827308207101	-1.40696716993	0.579658962833
WP_003517493.1	0.733200787495	0.680687748987	-1.41388853648
WP_003517495.1	0.850966792226	0.552724986031	-1.40369177826
WP_003517497.1	0.528283805279	-1.4002260394	0.871942234126
WP_003517498.1	1.32475167613	-1.09106540808	-0.23368626805
WP_003517501.1	-1.36436056518	1.00450028838	0.359860276798
WP_003517504.1	0.600119701333	-1.40906492642	0.80894522509
WP_003517507.1	-0.518535376434	-0.880179896159	1.39871527259
WP_003517512.1	1.29880331733	-0.164806510969	-1.13399680636
WP_003517514.1	-1.37890502435	0.41748615329	0.961418871061
WP_003517525.1	-1.07850512194	-0.25297217133	1.33147729327
WP_003517527.1	-1.41301715124	0.656140949746	0.75687620149
WP_003517534.1	1.06022737313	-1.34063107561	0.280403702484
WP_003517535.1	1.23142302775	-1.2179556463	-0.0134673814508
WP_003517537.1	0.115220165806	-1.27828335411	1.16306318831
WP_003517539.1	-1.38314432854	0.436260932999	0.946883395544
WP_003517545.1	1.18337998556	-1.26229334599	0.0789133604331
WP_003517548.1	1.37481755394	-0.400341676752	-0.974475877191
WP_003517549.1	0.221258779129	1.09903313135	-1.32029191047
WP_003517581.1	-0.583766610071	1.40741564824	-0.823649038164
WP_003517588.1	-1.41356881172	0.74376292535	0.669805886368
WP_003517592.1	1.38516623924	-0.445629951465	-0.939536287771
WP_003517595.1	0.332517238601	1.02415064416	-1.35666788276
WP_003517597.1	1.05805943095	-1.34166904533	0.283609614384
WP_003517602.1	1.41401450434	-0.686458866836	-0.727555637503
WP_003517604.1	0.72176586229	0.692345690772	-1.41411155306
WP_003517609.1	-0.79162298695	1.41070054401	-0.619077557061
WP_003517611.1	-0.959701590067	-0.419721127337	1.3794227174
WP_003517613.1	1.2565830108	-1.19020729333	-0.0663757174749
WP_003517617.1	-1.26659266134	1.17809654422	0.0884961171158
WP_003517619.1	-1.41398978126	0.72878190212	0.68520787914
WP_003517627.1	0.903668183151	0.490258186851	-1.39392637
WP_003517629.1	-1.41112432885	0.624654214307	0.786470114544
WP_003517635.1	-0.00972079703732	1.22957633684	-1.2198555398
WP_003517637.1	-0.0260009596894	-1.21153737689	1.23753833658
WP_003517639.1	0.197918808747	-1.3116510836	1.11373227485
WP_003517641.1	1.36745372201	-0.37139252311	-0.996061198896
WP_003517648.1	-0.652744219657	-0.760110166961	1.41285438662
WP_003517649.1	-0.569997768369	1.40585878089	-0.83586101252
WP_003517651.1	0.501065870739	-1.39582754589	0.894761675151
WP_003517653.1	1.37851739311	-0.415822510802	-0.962694882304
WP_003517654.1	-1.26674617329	0.0888406272334	1.17790554605
WP_003517657.1	-1.13946773613	1.29513717571	-0.155669439586
WP_003517661.1	-0.707570170143	1.41421346113	-0.706643290984
WP_003517663.1	1.1912078409	0.0645232717112	-1.25573111261
WP_003517666.1	-0.973387914175	1.37516847918	-0.401780565003
WP_003517667.1	1.07680133018	-1.33236172931	0.255560399127
WP_003517677.1	1.00386123334	-1.36459913247	0.360737899122
WP_003517679.1	1.41407797117	-0.690079664019	-0.723998307151
WP_003517712.1	-1.13701448703	-0.159777413895	1.29679190092
WP_003517715.1	-1.35140445981	1.03664473157	0.314759728238
WP_003517719.1	1.40625469907	-0.832880156836	-0.573374542237
WP_003517722.1	0.780910083913	0.630639753169	-1.41154983708
WP_003517725.1	1.26134130494	-1.18453307612	-0.0768082288232
WP_003517736.1	-1.10801863434	-0.207056402377	1.31507503672
WP_003517741.1	0.922631413501	0.466888719072	-1.38952013257
WP_003517742.1	0.501063397778	-1.39582712085	0.894763723068
WP_003517747.1	1.22422791529	0.00103325842032	-1.22526117371
WP_003517748.1	0.2233427688	1.0977038699	-1.3210466387
WP_003517750.1	1.10185713823	0.216816919434	-1.31867405767
WP_003517752.1	-0.142401301671	-1.14731951804	1.28972081971
WP_003517754.1	-1.40721455298	0.581909283835	0.825305269143
WP_003517766.1	-1.12390354642	-0.181439519282	1.3053430657
WP_003517768.1	-1.28548735764	0.132212886398	1.15327447124
WP_003517769.1	0.200298962226	1.11224906899	-1.31254803122
WP_003517772.1	1.3007303994	-0.169662254992	-1.13106814441
WP_003517773.1	-0.679925863512	1.41386963864	-0.733943775131
WP_003517778.1	1.40049283132	-0.530055722401	-0.870437108917
WP_003517791.1	0.727756647947	-1.41401055185	0.686253903904
WP_003517797.1	-1.10721178046	-0.208340010027	1.31555179048
WP_003517800.1	0.70703341227	0.707180147566	-1.41421355984
WP_003517802.1	-0.407932972025	1.37665272613	-0.968719754101
WP_003517805.1	0.502226556089	-1.39602653448	0.893799978394
WP_003517817.1	-1.28579387811	1.15284848309	0.132945395011
WP_003517819.1	0.959183783711	0.420394136814	-1.37957792052
WP_003517824.1	0.660911477209	0.752317097437	-1.41322857465
WP_003517836.1	-1.05607557846	-0.286534662699	1.34261024116
WP_003517840.1	0.755305438398	0.657786931889	-1.41309237029
WP_003517853.1	-1.40084278754	0.532404687922	0.86843809962
WP_003517868.1	-0.710743994071	1.41420731528	-0.703463321212
WP_003517869.1	1.32146210963	-1.09696885648	-0.224493253148
WP_003517880.1	1.04746571477	-1.34660081902	0.299135104254
WP_003517888.1	-1.05530007272	-0.287675860066	1.34297593279
WP_003517891.1	-1.33180704466	0.253935687619	1.07787135704
WP_003517900.1	0.977024572099	0.396963427416	-1.37398799951
WP_003517903.1	0.413493568848	-1.37797148592	0.964477917071
WP_003517916.1	1.27932092847	-0.117641813729	-1.16167911474
WP_003517918.1	1.27041709625	-0.097128348546	-1.1732887477
WP_003517920.1	0.564976164661	-1.40525317353	0.840277008872
WP_003517930.1	-1.01886381315	-0.339942803247	1.3588066164
WP_003517935.1	0.0403636157194	-1.24442773246	1.20406411674
WP_003517938.1	1.16945995475	0.103944518064	-1.27340447282
WP_003517940.1	1.39590368785	-0.894394381802	-0.501509306046
WP_003517942.1	1.41168134567	-0.632581996122	-0.779099349549
WP_003517944.1	-0.801527737553	1.40980547567	-0.608277738121
WP_003517948.1	-0.880857142792	1.39858723284	-0.517730090044
WP_003517950.1	1.18120922526	-1.26407218766	0.0828629623964
WP_003517951.1	0.381811683289	0.988358708352	-1.37017039164
WP_003517953.1	-0.114254971089	-1.1636138266	1.27786879769
WP_003517957.1	1.41101167301	-0.787874179741	-0.623137493271
WP_003517959.1	1.02069367364	0.337378542316	-1.35807221596
WP_003517961.1	-1.34414627768	0.291346086796	1.05280019088
WP_003517965.1	-1.09360906024	-0.229735499446	1.32334455969
WP_003517971.1	0.675990203356	0.737773429989	-1.41376363335
WP_003517972.1	-0.0393625358912	-1.20458910378	1.24395163967
WP_003517974.1	0.407838007767	-1.37663001669	0.968792008926
WP_003517976.1	-0.60097016698	-0.808174532352	1.40914469933
WP_003517982.1	1.19011503911	0.0665463235965	-1.2566613627
WP_003517983.1	-1.17748920578	-0.0895911382526	1.26708034403
WP_003517984.1	-0.299400487504	-1.04728326117	1.34668374868
WP_003517985.1	-1.20340916436	1.24502004706	-0.0416108827015
WP_003517986.1	-1.40629505581	0.83257187651	0.573723179295
WP_003517987.1	0.559389880822	-1.4045559189	0.845166038077
WP_003517988.1	-0.252419604365	-1.07886831043	1.3312879148
WP_003517989.1	-1.20079875267	-0.0465641208533	1.24736287352
WP_003517991.1	0.682122600678	-1.41392269317	0.731800092494
WP_003517992.1	1.17216736027	0.099129979706	-1.27129733998
WP_003517993.1	-1.01984598114	-0.338567216247	1.35841319739
WP_003517994.1	-0.551794069505	-0.851774228801	1.40356829831
WP_003517995.1	-1.07048521978	1.33558381567	-0.265098595891
WP_003517996.1	-1.37245535971	0.981650621072	0.390804738641
WP_003518000.1	1.2071378046	0.0344857509473	-1.24162355555
WP_003518001.1	0.213346509891	1.10405481115	-1.31740132104
WP_003518002.1	0.260955949179	1.07323565184	-1.33419160101
WP_003518003.1	-0.025491958663	-1.21179990386	1.23729186252
WP_003518007.1	0.105207873908	1.16874714994	-1.27395502385
WP_003518023.1	-1.01061276416	1.36204226944	-0.351429505273
WP_003518029.1	0.156866618447	-1.29562049615	1.1387538777
WP_003518031.1	-0.176450289903	-1.12694931635	1.30339960625
WP_003518034.1	1.28522546839	-1.15363780359	-0.131587664796
WP_003518049.1	-0.803971564762	-0.605596617371	1.40956818213
WP_003518076.1	-1.00451751708	-0.359836606486	1.36435412357
WP_003518077.1	-1.3922167154	0.48093525759	0.911281457814
WP_003518117.1	-0.660892919791	-0.752334871412	1.4132277912
WP_003518120.1	0.315607249722	1.03605317055	-1.35166042027
WP_003518129.1	-0.271927381812	1.33785454463	-1.06592716282
WP_003518136.1	-1.26551302787	0.0860778311425	1.17943519673
WP_003518160.1	-0.238374539413	-1.08803399594	1.32640853535
WP_003518165.1	0.148734147653	-1.29231970632	1.14358555866
WP_003518171.1	-0.691608214839	-0.722492928931	1.41410114377
WP_003518175.1	-1.30660370596	1.12190623481	0.184697471152
WP_003518177.1	0.645397245457	0.767070525609	-1.41246777107
WP_003518180.1	-1.35807158909	0.337376360034	1.02069522905
WP_003518182.1	0.303526153735	1.04444087961	-1.34796703335
WP_003518187.1	-1.36631913263	0.367123143012	0.999195989619
WP_003518218.1	-0.768573948758	-0.643803762846	1.4123777116
WP_003518220.1	0.131678072014	1.15358528063	-1.28526335265
WP_003518225.1	1.38706056754	-0.454684650606	-0.932375916934
WP_003518229.1	0.48405004275	0.908745010858	-1.39279505361
WP_003518235.1	-1.41101857195	0.787788944531	0.623229627417
WP_003518237.1	-1.20560547796	-0.0374211075352	1.24302658549
WP_003518239.1	-1.32100156307	0.223218089474	1.0977834736
WP_003518248.1	-0.970721408451	-0.405299141272	1.37602054972
WP_003518251.1	1.41299097933	-0.655580175221	-0.757410804111
WP_003518259.1	1.41380383645	-0.677422535061	-0.736381301388
WP_003518270.1	-0.951498693419	-0.430334356552	1.38183304997
WP_003518280.1	0.339278322021	1.01933841033	-1.35861673235
WP_003518303.1	0.695654424372	-1.41415206484	0.718497640469
WP_003518305.1	-0.65451316362	-0.758427252916	1.41294041654
WP_003518334.1	1.13150680199	0.168936511688	-1.30044331367
WP_003518337.1	-1.39074037466	0.473152033865	0.91758834079
WP_003518339.1	1.16377378453	0.113974396951	-1.27774818148
WP_003518355.1	-1.32136107001	0.22421324873	1.09714782128
WP_003518357.1	-1.39743012292	0.886842116049	0.51058800687
WP_003518361.1	-1.40252515117	0.85840073214	0.544124419033
WP_003518379.1	0.657332914813	-1.41307186099	0.75573894618
WP_003518386.1	0.821385622449	0.58629978876	-1.40768541121
WP_003518388.1	0.729866770201	-1.4139666893	0.684099919098
WP_003518390.1	1.1263713254	0.177399057632	-1.30377038303
WP_003518396.1	-1.23922827057	0.0294997649656	1.20972850561
WP_003518401.1	-1.0819590794	1.32966414896	-0.247705069556
WP_003518444.1	-1.41331035463	0.66289010988	0.750420244748
WP_003518445.1	1.36876261206	-0.992385662937	-0.376376949121
WP_003518452.1	-0.0154897120742	-1.21692654953	1.2324162616
WP_003518453.1	-0.610806542867	1.410023806	-0.799217263137
WP_003518454.1	-1.3607348903	1.01398461908	0.34675027122
WP_003518455.1	0.49686597573	-1.3950990908	0.89823311507
WP_003518456.1	-0.055779958096	-1.1959018526	1.2516818107
WP_003518457.1	0.680834129044	-1.41389210687	0.733057977827
WP_003518458.1	-0.308259148326	1.34942544678	-1.04116629846
WP_003518460.1	-0.438064962158	-0.945473558706	1.38353852086
WP_003518472.1	-1.04143976296	1.34930446684	-0.307864703886
WP_003518476.1	0.795645364947	0.614704522064	-1.41034988701
WP_003518478.1	0.519324445852	-1.39884025552	0.879515809673
WP_003518481.1	-1.35287868185	0.319662864486	1.03321581737
WP_003518483.1	0.881190567433	-1.39852398038	0.517333412952
WP_003518486.1	1.01023897202	0.35194697265	-1.36218594467
WP_003518492.1	1.13362708184	0.165420867914	-1.29904794976
WP_003518494.1	1.37477414982	-0.400164116685	-0.974610033138
WP_003518516.1	1.29184336828	-1.14427450481	-0.147568863467
WP_003518521.1	-0.840298895842	-0.564951219135	1.40525011498
WP_003518526.1	-1.24050604487	1.20835043314	0.0321556117348
WP_003518528.1	-1.40929311347	0.8067234407	0.602569672773
WP_003518533.1	-0.783894936153	-0.627430551505	1.41132548766
WP_003518536.1	1.17735380855	-1.26718888436	0.0898350758079
WP_003518538.1	-0.0767563559519	-1.18456145519	1.26131781114
WP_003518540.1	-0.851269869547	-0.55237565152	1.40364552107
WP_003518542.1	-1.34871241638	0.305939170807	1.04277324557
WP_003518549.1	1.34223700094	-0.285372632069	-1.05686436887
WP_003518554.1	-0.956031046952	1.38051398771	-0.424482940759
WP_003518557.1	1.41027049022	-0.613741272052	-0.796529218168
WP_003518575.1	1.31924740779	-0.218387137219	-1.10086027057
WP_003518584.1	-1.31655908761	0.211061334632	1.10549775298
WP_003518588.1	-0.55285935676	1.40370954546	-0.850850188703
WP_003518590.1	-1.39328077848	0.906584439479	0.486696339006
WP_003518592.1	1.25313556252	-0.058907278449	-1.19422828407
WP_003518593.1	-0.27328148777	1.33830122894	-1.06501974117
WP_003518595.1	-0.864832530216	1.40146142454	-0.53662889432
WP_003518601.1	0.447846547938	0.937788868571	-1.38563541651
WP_003518603.1	-1.03152644358	1.35359667609	-0.322070232515
WP_003518605.1	0.711960324412	0.702242107616	-1.41420243203
WP_003518607.1	0.193287929229	1.11660779504	-1.30989572427
WP_003518614.1	0.592437013748	0.815880314524	-1.40831732827
WP_003518616.1	-0.011100955454	1.23025761684	-1.21915666138
WP_003518620.1	1.37225169507	-0.982257514258	-0.38999418081
WP_003518624.1	0.967559864447	0.409456280395	-1.37701614484
WP_003518626.1	-1.35319779781	1.03246655689	0.320731240925
WP_003518631.1	1.2920718249	-0.148127487653	-1.14394433724
WP_003518633.1	1.02900310616	-1.3546589524	0.32565584624
WP_003518635.1	-0.529955386552	-0.870522401924	1.40047778848
WP_003518637.1	0.182463644547	1.12327641723	-1.30574006177
WP_003518639.1	1.41300045546	-0.655782532049	-0.75721792341
WP_003518642.1	0.130702117234	1.15415200305	-1.28485412028
WP_003518649.1	1.12381428252	0.18158535621	-1.30539963873
WP_003518650.1	0.873395711376	-1.39996570448	0.526569993103
WP_003518652.1	-0.46650493272	-0.922939499021	1.38944443174
WP_003518655.1	-1.3244376387	1.09163552362	0.232802115078
WP_003518656.1	1.13435854431	-1.29856358954	0.164205045225
WP_003518658.1	-0.668226744273	1.41351355913	-0.745286814856
WP_003518660.1	1.3365507751	-0.267995461529	-1.06855531357
WP_003518662.1	1.21375128055	0.0216988356101	-1.23545011616
WP_003518669.1	-1.41055708382	0.617264139926	0.793292943897
WP_003518671.1	0.509738920655	-1.39728999348	0.887551072829
WP_003518677.1	0.718117199629	0.696038914967	-1.4141561146
WP_003518679.1	1.41224005047	-0.6414398127	-0.770800237767
WP_003518681.1	1.25311759706	-0.0588685520501	-1.19424904501
WP_003518684.1	0.0220697925025	1.21356083018	-1.23563062268
WP_003518688.1	-0.684232373126	-0.729737135807	1.41396950893
WP_003518690.1	-0.202121751568	1.31323252129	-1.11111076972
WP_003518706.1	0.937963612081	-1.38558869932	0.44762508724
WP_003518707.1	0.0213730414179	-1.23529151614	1.21391847472
WP_003518709.1	1.38746410707	-0.456650814945	-0.930813292126
WP_003518711.1	0.971644928915	0.404081799542	-1.37572672846
WP_003518712.1	-1.30952695805	0.192319580151	1.1172073779
WP_003518714.1	0.793775861592	-1.41051503736	0.61673917577
WP_003518716.1	0.465009380066	-1.38914841536	0.924139035294
WP_003518722.1	-1.0608448175	-0.279488823966	1.34033364147
WP_003518724.1	-1.2992468992	0.165920936479	1.13332596272
WP_003518725.1	1.07847529969	-1.33149283031	0.253017530613
WP_003518726.1	0.313783639799	-1.35110908261	1.03732544281
WP_003518738.1	0.638105707064	-1.41203767957	0.77393197251
WP_003518740.1	-1.39004246291	0.920490660614	0.469551802293
WP_003518741.1	0.110984424454	1.16547537258	-1.27645979703
WP_003518743.1	1.08667763259	-1.32714286841	0.240465235822
WP_003518745.1	-1.3617061312	0.350221383525	1.01148474767
WP_003518751.1	0.720307773738	-1.41413089483	0.693823121096
WP_003518755.1	0.530263785274	0.870260215192	-1.40052400047
WP_003518757.1	1.2245456531	0.00039833941928	-1.22494399252
WP_003518759.1	1.24598332524	-0.0436436109934	-1.20233971424
WP_003518761.1	1.09680185881	-1.32155632251	0.224754463693
WP_003518763.1	0.849556421342	-1.40390558503	0.554349163687
WP_003518801.1	-0.973442959385	1.37515076985	-0.40170781047
WP_003518803.1	-0.469093142577	-0.920859728543	1.38995287112
WP_003518807.1	1.13131414556	0.169255322023	-1.30056946759
WP_003518809.1	-0.984115547399	1.37162439541	-0.387508848011
WP_003518813.1	0.696113948142	-1.4141568889	0.71804294076
WP_003518814.1	0.389656212289	-1.37216664164	0.982510429353
WP_003518853.1	0.830705203081	-1.40653706933	0.575831866246
WP_003518855.1	1.36389343175	-0.358147348812	-1.00574608294
WP_003518858.1	-1.31064558187	0.195261796026	1.11538378585
WP_003518863.1	-1.40344868429	0.852551537688	0.550897146606
WP_003518865.1	-1.4084599343	0.593864845373	0.814595088926
WP_003518866.1	-1.27993685111	1.16085348282	0.119083368285
WP_003518868.1	0.750931205478	0.662357476345	-1.41328868182
WP_003518875.1	-0.0879329164505	-1.17840862809	1.26634154454
WP_003518876.1	-1.40890156444	0.598397558352	0.810504006086
WP_003518885.1	1.40215938666	-0.541512181582	-0.860647205076
WP_003518893.1	0.392473920905	-1.37287333846	0.980399417557
WP_003518895.1	1.3445524836	-1.05192603323	-0.292626450365
WP_003518897.1	1.12341242632	0.182241627956	-1.30565405427
WP_003518898.1	-1.30624229561	1.12248060373	0.18376169188
WP_003518900.1	1.41060242679	-0.792768894029	-0.617833532759
WP_003518901.1	1.41162647353	-0.779860683801	-0.631765789733
WP_003518903.1	-1.41363568528	0.741826584003	0.671809101279
WP_003518906.1	-0.961205333974	1.37896964626	-0.41776431229
WP_003518914.1	-1.30943124715	0.192068504545	1.1173627426
WP_003518917.1	-1.34986308133	1.04017426305	0.309688818281
WP_003518927.1	0.386974365882	-1.37148893596	0.984514570077
WP_003518935.1	0.235017931312	-1.32522372046	1.09020578915
WP_003518955.1	1.09048351743	0.234587885287	-1.32507140272
WP_003518957.1	-1.36468405428	0.361050766745	1.00363328753
WP_003518959.1	-0.418860096343	-0.960363593788	1.37922369013
WP_003518963.1	-1.19036379876	1.25645001441	-0.0660862156549
WP_003518976.1	0.954451252757	-1.38097730941	0.426526056653
WP_003518977.1	0.99413837985	-1.36814132315	0.3740029433
WP_003518982.1	-1.40073252747	0.86907100542	0.531661522049
WP_003519002.1	-0.94369876612	1.38403054879	-0.440331782673
WP_003519003.1	1.38263326935	-0.948695600157	-0.433937669189
WP_003519008.1	-1.35079142401	0.31273623452	1.03805518949
WP_003519009.1	1.11809951814	0.19087697112	-1.30897648926
WP_003519012.1	-0.870838924358	-0.529582960547	1.40042188491
WP_003519027.1	-0.508418089016	1.39707092815	-0.888652839129
WP_003519031.1	1.35435477054	-0.324626159721	-1.02972861082
WP_003519032.1	0.707106781187	0.707106781187	-1.41421356237
WP_003519033.1	1.33017222322	-0.249175793837	-1.08099642938
WP_003519037.1	-1.05584859214	-0.28686881439	1.34271740653
WP_003519039.1	0.0986604601002	-1.2710910844	1.17243062429
WP_003519055.1	-0.586324263666	-0.821363728511	1.40768799218
WP_003519056.1	0.843744196111	0.561017416919	-1.40476161303
WP_003519057.1	0.759683352033	0.653193126632	-1.41287647866
WP_003519058.1	0.559089979871	-1.40451778774	0.845427807871
WP_003519059.1	0.595706866608	-1.40864144044	0.812934573837
WP_003519061.1	-0.162783174108	-1.13521279756	1.29799597167
WP_003519067.1	0.390222214016	0.982086823574	-1.37230903759
WP_003519072.1	-0.4681487893	1.38976792379	-0.921619134495
WP_003519075.1	-0.860445133406	-0.541747406752	1.40219254016
WP_003519085.1	0.834189601253	0.571892449985	-1.40608205124
WP_003519089.1	1.39446569349	-0.901191352978	-0.493274340509
WP_003519094.1	-0.115138069593	-1.16311004617	1.27824811576
WP_003519098.1	0.946694309868	-1.38319736939	0.436503059523
WP_003519104.1	1.41396745409	-0.729831682679	-0.684135771413
WP_003519106.1	-0.811277750437	-0.597541721052	1.40881947149
WP_003519111.1	0.0721889113873	1.18705376542	-1.2592426768
WP_003519113.1	1.13588361923	0.161665141205	-1.29754876043
WP_003519130.1	-1.41197143818	0.637047389235	0.774924048944
WP_003519132.1	0.578880585151	-1.40688064942	0.828000064267
WP_003519133.1	0.578450691952	0.828381963295	-1.40683265525
WP_003519135.1	-0.544174129057	-0.858357931015	1.40253206007
WP_003519138.1	-1.04325078378	-0.305248753078	1.34849953685
WP_003519140.1	-1.37846164223	0.415583921487	0.962877720742
WP_003519144.1	-1.41264525512	0.763985764785	0.648659490333
WP_003519151.1	-0.897821046491	1.39518639547	-0.497365348981
WP_003519155.1	0.553496205271	-1.40379356004	0.850297354772
WP_003519164.1	-1.3564197728	1.02475577076	0.33166400204
WP_003519168.1	1.19235400189	-1.25475042178	0.0623964198945
WP_003519170.1	-0.902260325978	-0.491973610794	1.39423393677
WP_003519180.1	-0.560579383786	-0.844127075083	1.40470645887
WP_003519194.1	0.632105640509	0.779543749851	-1.41164939036
WP_003519202.1	-1.20246432192	-0.0434070139925	1.24587133591
WP_003519204.1	-1.24881178172	0.0496434613507	1.19916832037
WP_003519228.1	-1.41392046531	0.68202655392	0.731893911389
WP_003519233.1	0.801091227518	0.608755943703	-1.40984717122
WP_003519236.1	1.37433747907	-0.975954767961	-0.398382711111
WP_003519238.1	-1.22512087393	1.22436852223	0.0007523517004
WP_003519241.1	-0.971022559988	-0.404902326706	1.37592488669
WP_003519255.1	-0.0882946005259	-1.17820823216	1.26650283268
WP_003519257.1	-0.554640422349	1.40394370703	-0.849303284685
WP_003519285.1	-0.521168212815	-0.87796223453	1.39913044735
WP_003519286.1	-1.21176661702	-0.0255565139735	1.23732313099
WP_003519292.1	-1.34750214197	0.302027406108	1.04547473587
WP_003519296.1	0.022496869018	1.21334146344	-1.23583833246
WP_003519322.1	1.18775390268	-1.25865548589	0.0709015832118
WP_003519324.1	-0.34706285684	-1.01375982904	1.36082268588
WP_003519329.1	-0.919889658828	1.39018794908	-0.470298290252
WP_003519332.1	0.773010418881	0.639087872257	-1.41209829114
WP_003519334.1	1.32067372012	-0.222312096219	-1.0983616239
WP_003519337.1	1.33789989039	-0.272064681583	-1.06583520881
WP_003519349.1	1.39595091107	-0.50178475646	-0.894166154614
WP_003519369.1	1.09871594024	-1.32047239872	0.221756458476
WP_003519374.1	-0.448083125693	1.38568528377	-0.937602158073
WP_003519375.1	1.08818539945	0.238140898575	-1.32632629803
WP_003519383.1	-0.795508107635	-0.61485403326	1.4103621409
WP_003519385.1	1.0267336769	0.328870341645	-1.35560401855
WP_003519391.1	-1.37272813177	0.391893172263	0.980834959505
WP_003519398.1	0.590127592639	-1.408083144	0.817955551358
WP_003519421.1	-1.41310314197	0.658027014047	0.755076127918
WP_003519426.1	0.238663878344	1.08784645066	-1.32651032901
WP_003519427.1	-1.06248263716	-0.277058121165	1.33954075833
WP_003519428.1	1.01116854594	0.35065963432	-1.36182818026
WP_003519429.1	1.23515202027	-0.0210866010798	-1.21406541919
WP_003519430.1	1.39548124965	-0.896421427642	-0.499059822008
WP_003519431.1	-1.0150458007	-0.345273392356	1.36031919306
WP_003519433.1	0.511824951371	0.885808337107	-1.39763328848
WP_003519434.1	-0.506941214116	1.39682442547	-0.889883211352
WP_003519439.1	-0.117693633725	-1.16164945779	1.27934309151
WP_003519444.1	-0.940230929143	-0.444747557914	1.38497848706
WP_003519448.1	-1.11489131222	1.31094616802	-0.196054855806
WP_003519476.1	-0.75957424052	-0.653307855942	1.41288209646
WP_003519477.1	0.1927495796	1.11694120353	-1.30969078313
WP_003519478.1	0.561813876154	0.843047632366	-1.40486150852
WP_003519558.1	0.871089471409	0.529288073439	-1.40037754485
WP_003519574.1	1.01619327896	0.34367411304	-1.359867392
WP_003519601.1	-0.961950624569	1.37874379409	-0.416793169518
WP_003519663.1	-1.12256404534	-0.183625671664	1.30618971701
WP_003519665.1	-1.31658636524	0.211135204778	1.10545116046
WP_003519740.1	1.40518101583	-0.840792297188	-0.564388718644
WP_003519966.1	0.331991817376	-1.3565151546	1.02452333723
WP_003520176.1	0.0313976698158	1.20874415672	-1.24014182654
WP_003520198.1	0.424763634336	-1.3805778158	0.95581418146
WP_003520265.1	1.33750266566	-0.270863202175	-1.06663946348
WP_003520327.1	0.193850556755	-1.31010971252	1.11625915576
WP_003520339.1	0.138574935027	1.14956352442	-1.28813845945
WP_003520364.1	-0.578273184947	-0.828539609598	1.40681279455
WP_003520369.1	1.26621301092	-1.17856819818	-0.0876448127418
WP_003520372.1	0.216690914203	-1.31862798022	1.10193706602
WP_003520408.1	-1.20669563288	-0.0353338234895	1.24202945637
WP_003520409.1	-0.154562824153	-1.14012679803	1.29468962219
WP_003520446.1	-1.38522946842	0.939301762365	0.445927706058
WP_003520472.1	-1.13230023569	1.29992265221	-0.167622416528
WP_003520526.1	1.38612117827	-0.935961925833	-0.450159252433
WP_003520552.1	0.559605107095	0.844978133113	-1.40458324021
WP_003520554.1	0.378476137246	-1.36930876996	0.990832632713
WP_003520602.1	0.65848165877	0.754641742113	-1.41312340088
WP_003520661.1	0.680304145647	0.73357494186	-1.41387908751
WP_003520701.1	-0.114056715762	-1.16372685886	1.27778357462
WP_003520705.1	0.406522350393	-1.3763147477	0.969792397311
WP_003520721.1	1.38105851622	-0.426885500222	-0.954173016002
WP_003520766.1	-1.32923920602	0.246478060139	1.08276114589
WP_003520797.1	1.01825566819	-1.35904932791	0.340793659713
WP_003520820.1	-0.539291276425	1.40184424684	-0.862552970416
WP_003520874.1	1.36809289954	-0.373818527653	-0.994274371892
WP_003520894.1	-1.28198307304	1.1580887714	0.123894301641
WP_003520913.1	-0.58335691783	-0.824014612595	1.40737153042
WP_003520919.1	0.813938825027	0.594593212506	-1.40853203753
WP_003520929.1	-0.930592374167	-0.456928500754	1.38752087492
WP_003520957.1	-0.980836792121	-0.391890728008	1.37272752013
WP_003520963.1	0.0450261089092	-1.24663702168	1.20161091277
WP_003520966.1	-1.39703233646	0.508186222719	0.888846113744
WP_003520969.1	-0.853434746408	-0.549877143583	1.40331188999
WP_003520976.1	-0.676291823957	1.41377225353	-0.737480429572
WP_003520980.1	0.181386496836	-1.30532249394	1.1239359971
WP_003520981.1	-1.40121891796	0.866257151268	0.534961766694
WP_003520983.1	1.41362210992	-0.671393576702	-0.742228533215
WP_003520986.1	0.532825649999	0.868079405044	-1.40090505504
WP_003521086.1	-0.229846277342	1.32338415029	-1.09353787294
WP_003521100.1	0.247890447205	1.08183781851	-1.32972826571
WP_003521121.1	1.27109014439	-0.0986583209946	-1.1724318234
WP_003521161.1	-1.41414358707	0.694888346892	0.719255240173
WP_003521200.1	-0.85271303009	-0.550710712036	1.40342374213
WP_003521203.1	-0.701853852276	-0.71234673456	1.41420058684
WP_003521232.1	-1.08547187874	-0.242320173497	1.32779205224
WP_003521240.1	0.470843653549	0.919450326511	-1.39029398006
WP_003521254.1	1.10391150761	-1.31748468045	0.213573172839
WP_003521255.1	-1.39929426086	0.877077901819	0.522216359045
WP_003521330.1	-1.10071607749	-0.218614059304	1.31933013679
WP_003521553.1	-0.87374469341	1.39990280212	-0.526158108708
WP_003521649.1	-0.325426174694	-1.02916499099	1.35459116568
WP_003523036.1	-1.39800744865	0.514121653403	0.883885795243
WP_004463183.1	-0.815624552525	-0.592721302379	1.4083458549
WP_004463666.1	1.24652551063	-0.0447900995131	-1.20173541112
WP_004463712.1	-1.18721490939	-0.0718927851242	1.25910769451
WP_004463776.1	1.17619255339	0.0919245377008	-1.26811709109
WP_004463784.1	-1.10475455155	1.31699354269	-0.212238991142
WP_004463813.1	-1.22380048473	-0.00188659373955	1.22568707847
WP_011837932.1	0.177819860907	1.12611479061	-1.30393465152
WP_011838186.1	-0.458510511527	1.38784322528	-0.929332713756
WP_014522587.1	0.67583166023	-1.41375906929	0.737927409057
WP_014522588.1	-1.38030458443	0.42356376911	0.95674081532
WP_014522594.1	-1.41004080954	0.799034693936	0.611006115607
WP_014522595.1	1.09887090523	0.221513346093	-1.32038425132
WP_014522596.1	-1.1435098189	-0.148862166779	1.29237198568
WP_014522599.1	-0.786621273274	-0.624491028386	1.41111230166
WP_014522610.1	-1.36438586885	0.359953271029	1.00443259782
WP_014522611.1	1.41412472785	-0.693334998392	-0.720789729457
WP_014522613.1	0.910291417764	0.482152083209	-1.39244350097
WP_014522619.1	0.922881586884	-1.38945867174	0.466577084857
WP_014522626.1	1.29632897825	-0.158625537536	-1.13770344071
WP_014522629.1	-1.20144482709	1.24678568103	-0.0453408539427
WP_014522631.1	0.566086534829	-1.40538881417	0.839302279338
WP_014522638.1	1.34300804057	-0.28777618415	-1.05523185642
WP_014522642.1	1.33107691419	-0.251804621893	-1.07927229229
WP_014522644.1	1.40116030421	-0.534561022393	-0.866599281817
WP_014522658.1	-0.0588042681638	-1.1942835051	1.25308777326
WP_020458025.1	-1.24523124584	0.0420561011797	1.20317514466
WP_023062381.1	-1.40369748097	0.850929377863	0.552768103106
WP_037294696.1	0.782325544696	-1.41144462389	0.629119079194
WP_037294838.1	0.259196590901	1.07440039452	-1.33359698542
WP_037295047.1	1.0336181311	0.319088756727	-1.35270688783
WP_041740033.1	-1.15918754297	1.28117283344	-0.121985290472
WP_080552882.1	0.380882758405	-1.3699312025	0.989048444095
WP_095522195.1	-0.258858111293	1.33348235956	-1.07462424827
WP_095522196.1	1.35254839021	-0.318559729214	-1.03398866099
